ID_HDC_G0,within_april_mean_over_december,tempF,spechum,CTR_MN_NM,UC_NM_MN,Population,sqkm,crowding30s,crowding2point5m,crowding15m,crowding30m,crowd1d,density
10035,,73.8269236111111,0.0115867143279264,Bangladesh,Chattogram,3896312.77062225,795.200819043428,19124.5084369897,320883.27375894,2505091.74398878,5515442.28658705,NA,4899.78465478601
10155,,79.3168819444444,0.00910998557195437,Myanmar,Mandalay,1188910.02870178,242.815171128976,7951.89419070137,157242.116104775,NA,NA,NA,4896.35809481719
1017,,25.9817669082126,0.00239222387673215,Canada,Montreal,3133708.29920905,1080.12192240797,3637.41574952722,63918.759116579,1356985.18968428,3820122.92999673,NA,2901.25423269156
10248,,80.2471458333333,0.0126891611740054,Myanmar,Yangon,4501367.43950939,521.080154681072,11839.0859990979,229559.739916532,3063552.9055135,NA,NA,8638.53170970301
1035,,74.5031597222222,0.0113247286977848,Argentina,Cordoba,696207.643974304,303.064719322641,1751.06657340327,37345.3660550851,NA,NA,NA,2297.22432070071
10385,,81.2660555555556,0.00923722433358467,Thailand,Chiang Mai,224324.362800598,174.069089052067,1542.79812453785,29394.7602047727,NA,NA,NA,1288.70877662547
10627,,83.329625,0.0177727079117616,Thailand,Phuket,337745.386547089,114.257000291991,2777.72395228883,43850.4999119437,NA,NA,NA,2956.01482345902
10692,,81.1825416666667,0.0188478006561854,Indonesia,Medan,2557251.72399902,734.093956297713,5355.59119662342,104757.093966988,1184278.2315588,NA,NA,3483.54825981148
10715,,86.2463611111111,0.0170129941294467,Thailand,Bangkok,15730702.1069031,2552.74679109839,8464.8583261881,196923.093429984,5721569.92374222,9598679.26599522,NA,6162.26496170993
1074,,81.9907797222222,0.0139772003386818,Paraguay,Asuncion,1760213.31840706,440.117906402933,3741.3515049214,81458.8662126261,1967764.58225956,NA,NA,3999.41309544348
10940,,81.0390416666667,0.0171222679366885,Malaysia,George Town,660488.4659729,134.116119252413,5722.35799701908,92348.0918493286,NA,NA,NA,4924.75080292047
10956,,82.5189166666667,0.0184033801810348,Malaysia,Bukit Mertajam,532716.73085022,181.793607781184,3168.93801449427,52547.2442070911,NA,NA,NA,2930.33807597584
1105,,75.9796805555555,0.0115082002125552,Argentina,Buenos Aires,11520574.3586121,1962.31962504521,6237.92230816673,140704.986698325,2760189.81284076,8945733.70921546,NA,5870.89595984987
11074,,81.0814097222222,0.0178754924176145,Malaysia,Ipoh,220715.866439819,210.585828641868,920.081088697391,17294.278857631,NA,NA,NA,1048.10408118762
11136,,70.0498125,0.0135494084108779,Vietnam,Hanoi,5403326.42633057,1089.54732826135,12934.7713409134,253095.253893437,3439040.02346168,NA,NA,4959.23975597547
11139,,82.4759236111111,0.0184013308834703,Malaysia,Kuala Lumpur,6267910.46356201,1319.16100693528,5463.77323155922,123007.152759603,2686183.83932298,9343330.45437182,NA,4751.43703506203
1118,,79.2380544444444,0.0147818253727714,Paraguay,Ciudad del Este,439523.357147217,161.314905211323,2913.20713555943,46934.2728802021,NA,NA,NA,2724.62954722901
11266,,82.6009236111111,0.0186667703971038,Malaysia,Melaka City,469652.52026844,166.878822360602,3052.52232274833,60082.9432673073,NA,NA,NA,2814.33266141815
11275,,70.2827708333333,0.0135463068495253,Vietnam,Haiphong,920178.98059082,262.676546242348,7333.33715116877,109196.53788624,1348464.51947049,NA,NA,3503.08770902543
1138,,72.9148402777778,0.0120430557092325,Uruguay,Montevideo,1248316.43282604,236.448347060675,6059.11756498159,103703.191826312,1753297.23085507,NA,NA,5279.44664593368
11478,,84.4476666666667,0.0155453938683529,Cambodia,Phnom Penh,2171878.50859451,261.38169318816,15700.0293349597,296285.704552829,NA,NA,NA,8309.22197382451
11498,,81.8461111111111,0.0185142813945557,Singapore,Singapore,5375832.95454025,873.121333418986,11878.6006252249,193332.614778214,1403595.85313847,NA,NA,6157.02852373273
11640,,75.6852569444444,0.0109762022030787,Australia,Perth,1111264.13001508,763.733238291054,1457.58026064148,27519.2960317757,609198.893066557,NA,NA,1455.04225074932
11673,,82.1249722222222,0.0166109727001538,Vietnam,Can Tho,439283.61902833,139.11826971608,6482.79744741999,93355.5770690366,NA,NA,NA,3157.62710336207
11800,,83.2322361111111,0.0160119465845146,Vietnam,Ho Chi Minh City,12372807.7720337,1457.87148212932,19757.0145256724,437164.84645011,5075109.58214521,16326192.7762646,NA,8486.89882729742
11821,,77.5874652777778,0.016271140295007,Vietnam,NA,789282.313041687,197.870361448751,9314.97811484074,141664.033713534,NA,NA,NA,3988.88599213539
11862,,81.81725,0.0184356856335748,Indonesia,Jakarta,30702311.7587333,4976.26581815689,9803.65477910863,230707.784077234,5044628.35890615,20885501.9557994,38806997.6059327,6169.74914135612
12044,,73.7600694444445,0.0149115322528351,Indonesia,Bandung,5609411.27615356,1007.40530992738,14521.6653429137,296775.898886247,3767742.51126709,NA,NA,5568.1771982698
12389,,40.5464375,0.00294501539491573,South Korea,Seoul,20082845.2966654,2444.70636576565,8777.9289064734,189193.314314186,3624616.06961642,14007801.3475547,NA,8214.82922362161
12394,,79.1462152777778,0.0182726647677316,Indonesia,Yogyakarta,3380149.22138023,1544.9635990793,2987.35456621755,58934.2000628085,872722.549416621,1807871.1870658,NA,2187.85039556568
12540,,41.2377986111111,0.00337140181597379,South Korea,Daejeon,694192.303955078,204.588661132244,2589.47437716939,53157.2054162472,NA,NA,NA,3393.11230697365
12610,,79.5492152777778,0.0178037662891767,Indonesia,Surabaya,6081192.91378784,1739.69352281224,5633.62584392237,116435.914434657,1562660.68713752,4959735.78338457,9070043.69545545,3495.55415022613
12611,,43.4120555555556,0.00387739233233113,South Korea,Gwangju,753273.042663574,193.558527296406,3126.04542703552,67841.663563922,NA,NA,NA,3891.70682989362
12651,,43.7729375,0.0034421966287298,South Korea,Daegu,1587840.97383499,330.299830325448,4839.49668729027,99346.7594299641,2007092.23559488,NA,NA,4807.27153952964
12678,,44.0062638888889,0.00371198606425494,South Korea,Busan,2784919.20742989,452.971892645007,6528.04050783402,137728.355467149,1738536.79906713,NA,NA,6148.10599211378
12691,,66.7973958333333,0.0104317438202576,Taiwan,Hsinchu,635480.748260498,188.175620232147,3334.56194719212,63650.0659510662,NA,NA,NA,3377.0620629629
12693,,68.1831111111111,0.0105157063886721,Taiwan,Taichung,1877711.61682129,327.539257602231,7970.3925958386,168769.294133273,NA,NA,NA,5732.78339386606
12696,,65.6877916666667,0.0103453989209723,Taiwan,New Taipei [Taipei],7774568.55223083,1009.62955269314,12236.0417318653,241392.935104193,4168819.3702807,8075472.31619777,NA,7700.41698115165
12703,,71.3721944444444,0.0114342199119128,Taiwan,Tainan,887872.215087891,237.888099022814,4858.39481595819,103068.222039356,NA,NA,NA,3732.31035404903
12709,,72.5434722222222,0.012220918310031,Taiwan,Kaohsiung,2262459.08185577,450.868092864222,7736.92772718818,164987.931678095,2331091.64124648,NA,NA,5018.00663578362
12741,,51.3117638888889,0.0051758508937554,Japan,Fukuoka,1388216.07960498,487.721209556039,2805.91320903477,55630.5138215273,351350.5362411,NA,NA,2846.33116707933
12803,,79.7561319444444,0.0146504927320489,Philippines,Angeles [San Fernando],1098168.66280365,261.477588695783,6962.64937051434,85515.036650417,NA,NA,NA,4199.85769442489
12829,,81.2469861111111,0.0158913831813925,Philippines,Quezon City [Manila],22887661.3747654,2018.11795966111,22585.1297560419,371470.33090172,4871294.71915902,14771602.3283945,NA,11341.0919640241
12858,,48.3717083333333,0.00449974426445052,Japan,Osaka [Kyoto],12153136.3533256,3150.5090242795,4771.1803947022,108608.937608864,2468748.46027107,4014140.85602949,6108721.06121349,3857.51516966529
12882,,65.6475486111111,0.0100647820817763,Japan,Naha,857454.344819307,265.910626750241,3793.78260060809,75812.1968760536,1253989.82340186,NA,NA,3224.59600542659
12914,,48.1765069444444,0.00432226609721145,Japan,Nagoya,6529754.35562545,2644.96406210744,2901.02941386093,68023.9075682237,1490099.03475671,2719419.96126908,NA,2468.74974566675
12964,,49.5627222222222,0.00401179531551805,Japan,Tokyo,32553921.5589959,5306.53283328431,6759.41406559604,160905.678063213,4398258.6502648,9159044.30683953,40588707.3767416,6134.68767305217
12977,,67.8315416666667,0.00901292399469178,Australia,Adelaide,824860.434540242,505.816814962235,1466.50200604073,27929.7402973837,693009.626142428,NA,NA,1630.74933481962
12981,,81.1537708333333,0.0171169989709426,Philippines,Cebu City,2888877.4236908,348.819626044719,13652.7919308473,197749.169662699,1061579.28028099,NA,NA,8281.86606484246
13005,,81.5238055555556,0.0167994975091046,Philippines,Cagayan de Oro,653684.181787491,112.275673889132,9988.16987293933,154100.206060491,NA,NA,NA,5822.13545592237
13023,,65.2197847222222,0.00924593837607224,Australia,Melbourne,3087572.43321628,1607.31668642267,1888.20452278218,36873.8212066979,817347.720130231,2735936.04734679,NA,1920.94841004118
13024,,81.4039861111111,0.0172024471492727,Philippines,Davao City,781837.034240723,98.3570831534937,22925.4087686253,235775.110434081,NA,NA,NA,7948.96523131543
1303,,71.7720833333333,0.0130651031939783,Brazil,São Paulo,19463822.7139081,1995.84708291828,11952.0952087134,220921.399376713,4588423.22937634,13888367.7696126,NA,9752.16131560971
13043,,71.1073680555556,0.0122310696762485,Australia,Sydney,3355433.12167009,1352.53493242827,2792.69540914742,50383.9730442673,1104499.07910826,4251630.33709387,NA,2480.84765962084
13076,,77.1622152777778,0.0146170599078604,Australia,Brisbane,870259.207439173,496.078536709448,1825.56476309612,33547.289437897,657323.842751541,NA,NA,1754.27708122934
13129,,67.1033055555556,0.0101647211561112,New Zealand,Auckland,1034246.96130651,457.140553889322,2388.98727857793,38788.3963590046,604594.794541795,NA,NA,2262.4266267939
1346,,72.3302638888889,0.0137490342845422,Brazil,Belo Horizonte,4079669.1321919,588.950285608247,8110.24203802687,148205.35802454,2027515.14648877,NA,NA,6927.01783475419
1361,,77.6172430555556,0.0160580843406035,Brazil,Rio de Janeiro,9828318.83621806,1360.58999499725,11206.9294611826,182660.259051385,2892652.38871737,10029021.7919738,NA,7223.57129800734
14,,58.1415667270531,0.00613886838233941,United States,Los Angeles,14869135.7230482,5618.75493224507,3361.71350246115,61777.7172661601,1415172.76146036,4135077.59336239,13753928.6795519,2646.33996363087
1406,,81.9745625,0.0187838998482161,Brazil,Fortaleza,3312660.25939703,399.332769456085,11145.4044585305,199610.369866144,NA,NA,NA,8295.48815617879
143,,54.5336600241546,0.00406717738144213,Mexico,Ciudad Juárez,1770182.81394668,532.395770758142,3825.98216561353,68784.9205024409,1880029.62584042,NA,NA,3324.93778345742
1445,,83.1760069444444,0.018881987612989,Brazil,Recife,3461071.19111729,473.925367508197,10227.8443781597,166699.758317539,1856557.55410281,NA,NA,7302.98782973972
1452,,75.9156736111111,0.0114056505182812,Senegal,Dakar,3326168.11645842,275.382750837783,15459.6834644795,292665.961371833,4794550.43244347,NA,NA,12078.3458889106
1453,,80.2178402777778,0.00821594163596843,Senegal,MBour,23543.6365451813,62.6301925481085,329.820767057535,4442.48702121481,NA,NA,NA,375.915123158795
1454,,81.1860069444444,0.00663672002402815,Senegal,Thiès,22267.2696838379,42.7493316449341,444.34539649095,6337.73375131136,NA,NA,NA,520.879948926093
1467,,86.0671736111111,0.00442129776524551,Senegal,Kaolack,10910.5480728149,38.7699755841501,248.351269376697,3397.52544371517,NA,NA,NA,281.41746050713
1473,,85.2781666666667,0.00343903354526923,Senegal,Touba,56646.4533996582,107.37141965667,431.415684110747,8217.45391541617,NA,NA,NA,527.574782756813
1477,,82.3032986111111,0.0122353452529493,Guinea-Bissau,Bissau,334201.768505096,60.6256904364265,5286.48573932729,92114.3081502033,NA,NA,NA,5512.54371041841
154,,64.7720902777778,0.00548439118221432,Mexico,Mexico City,19859989.8987279,2102.97252437491,12040.0852179203,225573.876605236,5544068.20291965,22998838.2806359,NA,9443.7705051002
1551,,56.4625618961353,0.00689655167959262,Portugal,Lisbon,2031375.95748281,443.35187165161,6238.79659367082,84859.221256887,1032880.53156793,NA,NA,4581.85943800206
1553,,84.8501944444444,0.00262037776722813,Mali,Bamako,3661997.75009155,329.98881732725,18362.0529436545,314829.327499543,5410119.87459439,NA,NA,11097.3389333371
1569,,54.1213019323672,0.00652285393452689,Portugal,Porto,1015685.91159843,342.690818727712,3420.70211368097,59639.5360048804,1274445.76482761,NA,NA,2963.85504394109
1570,,61.9866041666667,0.00506191628692454,Morocco,Marrakesh,894539.306213379,90.7246521904708,23539.6233570929,207613.478553701,NA,NA,NA,9859.93646286292
1575,,60.087125,0.0079447246997582,Morocco,Casablanca,4001559.85463333,391.973257081287,13847.6700922947,259549.650029538,2059990.45643095,NA,NA,10208.7573127559
1595,,59.4327847222222,0.00785672656134686,Morocco,Rabat,1489483.67424011,214.456775222909,8661.14784435201,138168.602452846,2194006.64908688,NA,NA,6945.37942525678
1632,,57.6022521135266,0.00709599281063397,Spain,Seville,638948.412841797,162.710571399678,3419.75986422947,64627.771885155,NA,NA,NA,3926.9016594644
1635,,58.9696875,0.00780931173910708,Morocco,Tangier,803208.376582146,99.7862379614305,11173.1122512483,161498.664486046,NA,NA,NA,8049.29009241337
1642,,83.5937986111111,0.0127470190540391,Côte d'Ivoire,Bouaké,30559.4864959717,80.4775137280214,314.183211430856,5712.70031637069,NA,NA,NA,379.727020385462
1656,,44.7469981884058,0.00469352754377151,Ireland,Dublin,1145051.52455163,300.580466712747,3283.65572035794,51631.8856308811,806827.515086683,NA,NA,3809.46751821338
1664,,58.7876666666667,0.00615895140962329,Morocco,Fez,1110335.29797363,112.714456008055,9314.65301131099,150239.79178696,NA,NA,NA,9850.86862233787
1669,,84.4540208333333,0.00663811192400515,Burkina Faso,Bobo-Dioulasso,57734.830657959,104.349518417874,472.236319702815,9003.1810950704,NA,NA,NA,553.283153897808
1675,,83.9913055555556,0.0198067241003238,Côte d'Ivoire,Abidjan,3907407.12687582,428.164336379166,14382.6898412083,224628.1296827,4382696.990873,NA,NA,9125.95187146919
1701,,50.5514679951691,0.00510449806495717,Spain,Madrid,3724383.31832886,780.154592590229,3606.37878222975,79382.72838653,1581606.51655538,5453501.68242944,NA,4773.90424116245
1737,,53.6786799516908,0.00612880058088983,Spain,Bilbao,595227.396094248,135.946718171535,4282.30199806738,62910.3871643268,885730.424347577,NA,NA,4378.38738661717
1751,,44.0736838768116,0.00454411332834055,United Kingdom,Liverpool,1288152.12856221,418.811207000337,2457.82049975455,40300.3039394372,730410.467960089,1725887.46729432,NA,3075.73461987414
177,,63.8809097222222,0.00595097697690524,Mexico,Puebla,2213076.77718067,425.741870215553,6520.96536988747,117418.151358604,2844774.90381417,NA,NA,5198.16567738614
1779,,83.4224166666667,0.0202419337533727,Ghana,Takoradi [Sekondi-Takoradi],438675.441867828,114.241266128232,3821.82400473714,69491.5268248049,NA,NA,NA,3839.90353691836
1780,,43.5445881642512,0.00440562828129258,United Kingdom,Manchester,2308008.07655144,674.316254328593,2682.27232567445,48847.2082001771,1057215.06053136,NA,NA,3422.7383097112
1785,,82.536375,0.0159853490221983,Ghana,Kumasi,3547529.41572571,428.19356240783,11796.7076838107,250093.734919863,4707307.86843524,NA,NA,8284.87330770959
1799,,85.4383819444444,0.00356786035396562,Burkina Faso,Ouagadougou,2203046.19022369,342.901718476861,6034.53538234959,123139.541943555,3301400.4849731,NA,NA,6424.71609652303
1800,,42.9425646135266,0.00438373584620983,United Kingdom,Birmingham,2526793.2855835,669.145208179301,2626.87263115522,50266.8552156294,1309496.50350924,3784447.63429705,NA,3776.15090819933
1819,,42.9355307971014,0.00422336236855051,United Kingdom,Leeds,1363093.5662365,472.952847015457,2427.16806299905,41037.9470843093,695373.748733239,NA,NA,2882.09189317333
187,,40.3017104468599,0.0039572819920791,Canada,Vancouver,2150018.110463,698.693164535471,3581.07806716778,55689.8900843914,1080529.16523976,2828322.94347853,NA,3077.19929089681
1910,,84.2318472222222,0.0191466963420037,Ghana,Accra,4056698.09712744,840.444575425436,9485.97690516115,198992.036768342,2865115.01998788,5974259.94064377,NA,4826.8478561765
1911,,56.841,0.00647753339314048,Spain,Valencia,1258988.78913879,332.569176640224,4347.47673687793,85435.4678882826,1603585.79896142,NA,NA,3785.64484495441
1912,,46.3123952294686,0.00466292008232876,United Kingdom,London,10290005.8482997,1866.79843116114,5052.87895294316,101644.332534022,2006824.50716311,5958776.92807023,15285175.5341843,5512.11404323891
200,,67.6692916666667,0.00877256263883435,Mexico,Monterrey,4734733.74840669,664.218411108397,9999.02544672596,146064.5981755,2771327.09415201,NA,NA,7128.27839340636
2020,,84.7437083333333,0.0193532101302646,Togo,Lomé,2165551.77669775,310.9529571178,6609.35729598441,132852.313822962,2913463.17961058,NA,NA,6964.24242679695
2046,,47.7879384057971,0.00490789642793672,France,Paris,9924153.5035553,1639.45350119225,7245.92255756082,159832.492747013,2961145.41066297,6406843.98176806,NA,6053.33026910382
2051,,52.5083994565217,0.00569684583758083,Spain,Barcelona,3791577.01686478,582.501123462439,8102.32390335741,166103.829260986,1434856.11389032,NA,NA,6509.13253922551
2067,,84.7016875,0.00220120116048447,Niger,Niamey,397840.826416016,112.325586204944,3026.32743058652,55557.5544465199,NA,NA,NA,3541.85399656081
2078,,84.5154444444444,0.0201428929677594,Benin,Cotonou,1187963.06065559,297.048046627737,8147.91886629469,149786.79636217,873839.903767672,NA,NA,3999.22865725611
2080,,45.356794384058,0.004732005190098,France,Lille,851320.126983643,234.304610690501,2666.07629033993,53725.035596951,1055990.05959801,NA,NA,3633.39041632507
2101,,84.5757430555555,0.0194171619724422,Benin,Porto-Novo,290416.129699707,93.3866264947348,3667.78022654459,58065.2996165843,NA,NA,NA,3109.82568490233
2123,,45.1855226449275,0.00465191857800674,Netherlands,Rotterdam [The Hague],1782632.73317003,659.06489819084,1918.78580482197,38466.8736728299,749841.062316628,1829225.42005473,NA,2704.79089094781
2125,,85.0521041666667,0.0195388527122226,Nigeria,Lagos,11601820.2487392,1188.2019301307,22325.455373617,397414.19176748,5490898.64755949,16590414.4225398,NA,9764.18229472416
2133,,45.5523115942029,0.00472993425102741,Belgium,Antwerp,717597.625213623,376.539693947055,1172.90779239048,25177.286330361,712099.991156601,NA,NA,1905.76886513995
2135,,44.7542004830918,0.00467299755604416,Belgium,Brussels,1385611.61923218,266.358686325723,5482.03012009174,113299.898805448,2034530.95540123,NA,NA,5202.0515581675
2167,,44.3914272342995,0.00460536835879913,Netherlands,Amsterdam,939636.890018463,345.583172847742,1817.95996967861,37035.180390622,711986.654851047,NA,NA,2718.98912865312
2181,,44.2188952294686,0.00461467249476036,Netherlands,Utrecht,359247.712219238,124.202921346706,1748.59666525542,33526.8701688545,NA,NA,NA,2892.4256235199
2186,,47.9094015700483,0.00454687210969335,France,Lyon,1139721.03739929,270.045987529594,4935.82998943501,100774.761948331,1615032.94495609,NA,NA,4220.47017926675
2189,,83.4434305555556,0.0155672454039476,Nigeria,Ibadan,2432180.79209137,473.911991410711,12686.8565470706,235323.556302312,3197395.89329226,NA,NA,5132.13600029703
2228,,53.6707584541063,0.00526642958011052,France,Marseille,813406.309055865,254.901663733454,5244.5834411871,98701.0396653295,1156689.22678955,NA,NA,3191.05923885388
2275,,44.0669990942029,0.00413423685089671,Switzerland,Geneva,482541.386795044,104.024483475615,4651.31676819497,83221.3976417377,NA,NA,NA,4638.72898641364
2276,,44.9382983091787,0.00446757653879323,Germany,Dortmund,2613270.26847839,1316.97100615499,1133.97590997653,25055.2032574089,639826.790309647,1283138.47223124,3077445.67159793,1984.30356952812
2310,,45.2451343599034,0.00455705058092172,Germany,Cologne,1218876.85968018,578.793434442746,1268.47903399766,27950.43845542,566133.537908311,NA,NA,2105.89268493291
2315,,81.8872777777778,0.0021340715546304,Niger,Tahoua,1277.38599777222,19.8833776131134,54.5385217375527,1180.99684039489,NA,NA,NA,64.2439138172259
2368,,54.2953870772947,0.00501506725150848,France,Nice,693104.290695131,290.903770125048,2179.48759581383,39962.8361951685,385161.747584951,NA,NA,2382.58957729284
2392,,44.5202092391304,0.00430799593506297,Switzerland,Basel,360577.978713989,141.084902102941,2463.76993556583,48153.2443299484,NA,NA,NA,2555.75170226859
2405,,46.9809012681159,0.00392442674450771,Italy,Turin,1216661.65335232,206.999447246461,7420.25099179333,125512.242633284,1596922.54358644,NA,NA,5877.60822329019
2463,,42.2564154589372,0.00405649655740562,Switzerland,Zurich,629188.196611146,257.141408631909,2122.57636764686,41898.9244269118,652940.669090462,NA,NA,2446.85677020542
2484,,84.4349236111111,0.0154960305243725,Nigeria,Onitsha,2507933.60009766,775.88546658879,3846.45264668514,74494.0029155434,1258233.69067425,NA,NA,3232.35027345451
2493,,37.1182143719807,0.00331093544046301,Norway,Oslo,289665.68062228,242.809759645236,610.424890995267,12087.6971101177,204916.872902998,421670.455744296,NA,1192.97379580419
2512,,80.4954722222222,0.00214731171747779,Niger,Maradi,241733.059860229,42.7434245400129,5833.60166539638,78019.3534313187,NA,NA,NA,5655.44437446603
2531,,41.8738466183575,0.00433603789543734,Germany,Hamburg,1115547.02609634,520.024032910639,1154.73509831232,25451.2119340931,514568.175661954,NA,NA,2145.1835982512
2559,,48.3799030797101,0.00427480694069584,Italy,Milan,3079822.65629281,754.084665047898,5035.13858360388,84895.9817805756,946907.324820265,NA,NA,4084.18682814241
2682,,39.2844272342995,0.00396144278586617,Sweden,Gothenburg,440397.412856579,186.53711600462,1862.26423470516,32563.141817912,448707.152819354,NA,NA,2360.91037692291
2717,,78.8107986111111,0.00278454845889038,Nigeria,Kano,3726911.98464966,391.588569291025,20045.4114422289,380383.943795746,4853233.00130035,NA,NA,9517.41771062743
2749,,40.6706838768116,0.00400787578279855,Denmark,Copenhagen,1271185.71608686,388.95008385307,4267.28659136157,84031.8237381323,999613.535854646,NA,NA,3268.2489832476
2775,,78.8019375,0.00226868865311641,Niger,Zinder,52620.9547309875,31.8099909695223,2542.08746063757,27614.3195965231,NA,NA,NA,1654.22727662528
2784,,41.0338043478261,0.00390712235285325,Germany,Munich,1441345.21712875,349.251075907658,2612.85783769062,56728.6678075471,1339826.40955815,NA,NA,4126.9599911264
2834,,82.4300625,0.0197432430943338,Gabon,Libreville,331331.491294861,114.23060004318,2791.24278412347,45227.4764679401,NA,NA,NA,2900.54933765221
2850,,84.0240347222222,0.0202804626074477,Cameroon,Douala,648194.164638519,222.516280712082,2685.57709236126,53601.4844898203,NA,NA,NA,2913.01904995091
2851,,42.8144121376812,0.00412590704805241,Germany,Berlin,2447212.60228729,687.188670524957,1938.22543767598,43853.767120012,1286969.09337032,3556146.19915774,NA,3561.1946285695
288,,66.5280208333333,0.00956334592869858,Guatemala,Guatemala City,2136727.95684814,408.596434841713,6239.22209542001,120424.808529232,3171773.09595011,NA,NA,5229.43367745216
2897,,51.8728952294686,0.00546606961341489,Italy,Rome,2391011.10886619,481.645254467746,7097.08162259778,108693.165770798,2422186.59108279,NA,NA,4964.25758727435
2927,,42.0524230072464,0.00386228170915841,Czech Republic,Prague,811804.674255371,295.345558234308,1516.25457219064,30780.4884586643,706105.241936414,NA,NA,2748.66051518994
2959,,54.9976687801932,0.00602346480620934,Italy,Palermo,697117.612567741,157.748210253564,6898.74291896252,94590.053936134,1024354.29272357,NA,NA,4419.17921887797
2961,,77.969375,0.0157447483267399,Cameroon,Yaounde,2775714.96570587,249.334760483929,13538.6210154338,268846.549539715,NA,NA,NA,11132.4829330597
2971,,59.9745277777778,0.00691022320662339,Libya,Tripoli,542709.481748104,427.823741226676,1071.14231890626,22727.6014717925,356882.139342835,NA,NA,1268.53521544181
2973,,37.267389794686,0.00344960468011662,Sweden,Stockholm,1244122.80037463,362.16206152022,2926.18129027839,54393.6366032889,703980.553632449,1862827.54020127,NA,3435.26540342814
2980,,54.025148852657,0.00562483005156647,Italy,Naples,3211578.71132731,898.114238646176,6296.35840075647,88509.3446907722,1235983.0405415,3450627.62180454,NA,3575.91336728885
3002,,81.8814722222222,0.0195365519283649,Angola,Cabinda,28329.2510991096,64.5731870787499,407.826806520132,5416.47231415359,NA,NA,NA,438.715392265846
3012,,41.2927122584541,0.00393315479861458,Poland,Poznan,359390.064422607,181.310347330317,1080.78987898247,22712.3400821694,517718.262576592,NA,NA,1982.18176576464
3027,,45.0998743961353,0.00385329049241828,Austria,Vienna,1539760.35374451,392.296173541834,2495.18772434848,53263.7531108269,1204633.21374195,NA,NA,3924.99457703813
3032,,46.8244003623188,0.00414865794671378,Croatia,Zagreb,256755.978797913,203.036785087537,742.295556017754,14120.1182326273,257448.028910876,NA,NA,1264.57862641597
3050,,82.1189791666667,0.0187208661756585,Angola,Luanda,10279201.9621668,766.083256284301,31243.4306284502,646226.753679568,8058071.46679707,NA,NA,13417.8653270971
3108,,78.9162916666667,0.00281006724343156,Cameroon,Mokolo,3384.2643737793,10.9315953650427,224.617625013884,1826.49874575733,NA,NA,NA,309.585587534788
3134,,40.5135691425121,0.00369651969688665,Poland,Katowice,1121573.42209625,589.719025475415,1151.93979738087,24909.4305578722,522351.607650309,887531.340803873,NA,1901.87762925246
3141,,82.7354375,0.00307843248679809,Cameroon,Maroua,12229.8827667236,55.6501734171332,178.851217974603,2509.52739309131,NA,NA,NA,219.763605677433
3153,,39.9739064009662,0.00370685179138067,Poland,Lodz,373043.563995361,143.222138145969,1770.12611213425,33304.6368355002,NA,NA,NA,2604.65015272404
3193,,45.0931008454106,0.0038059839803725,Hungary,Budapest,1559601.04729462,433.246036428404,3477.34002335309,71702.9353204053,1610826.21010476,NA,NA,3599.80453635921
3205,,41.3324849033816,0.00365118315659338,Poland,Krakow,424086.266143799,182.218393834906,1280.67607841882,25433.7884891346,515030.389350298,NA,NA,2327.35157641676
321,,77.1391875,0.0125083509184455,El Salvador,San Salvador,1110660.55636597,285.29281308105,4254.32329880182,85651.3049960687,1623628.62485085,NA,NA,3893.05480348864
3216,,40.6826929347826,0.00362317974993619,Poland,Warsaw,1653467.24858093,425.709067037216,2693.54163370383,58838.3335453485,941278.939890398,NA,NA,3884.03108274972
3227,,66.0155555555556,0.0117801215972004,Angola,Huambo,13032.1487121582,70.5705901552719,170.475641945769,2948.98783988224,NA,NA,NA,184.668268799856
323,,56.9417807971015,0.00742146591958266,United States,Dallas,5782663.34725357,3688.76946297023,1896.48493415976,31760.7357968519,679679.487615585,2448525.19200192,8365188.56079737,1567.64021316673
3244,,34.4660199275362,0.00322574551926771,Finland,Helsinki,667872.842364252,345.171011466666,1115.68512972623,24176.9646561007,410071.026794718,985211.350485109,NA,1934.90420741416
3268,,69.0685347222222,0.0105212328877999,South Africa,Cape Town,4012984.24781373,695.233939755938,9186.75579516995,127239.402637793,1667305.47698781,NA,NA,5772.13513083451
3269,,37.2246228864734,0.00350350230570731,Latvia,Riga,448516.359923363,165.44784591258,1336.08394770392,26860.5069053963,623504.93350142,NA,NA,2710.92293435087
3270,,46.0480250603865,0.00400935832304613,Serbia,Belgrade,850284.38445282,236.985520105101,3035.03102769049,52506.5358708262,1256852.06237799,NA,NA,3587.9170342379
3332,,44.2176974637681,0.00394339517283673,Macedonia,Skopje,97156.1590938568,111.918826241896,652.135601742304,11002.7969651566,NA,NA,NA,868.094871580126
3349,,60.071,0.0071465174290442,Libya,Benghazi,9349.44642046094,159.528479365727,42.3566273409975,786.932533800144,NA,NA,NA,58.6067544656202
3381,,40.9648073671498,0.00371464931630053,Bulgaria,Sofia,219964.805114746,204.888095986465,671.73580820019,14015.8134918472,NA,NA,NA,1073.58509070862
3384,,50.1603351449275,0.00494214606200022,Greece,Thessaloniki,759177.999881744,116.879674824577,7447.33484369664,119597.496882972,NA,NA,NA,6495.3808352152
3396,,33.4251597222222,0.00312177532768839,Russia,Saint Petersburg,4051498.66711843,528.758386397388,5167.59515776048,100113.71523498,1998147.88039629,6070285.53722572,NA,7662.28729670404
3401,,36.3728680555556,0.00335992368527413,Belarus,Minsk,1937305.45758057,265.545636967793,4643.2651291769,96379.7828508392,1567514.78148927,NA,NA,7295.56500985003
3420,,52.3626162439613,0.00534912150971787,Greece,Athens,2914898.00042093,437.286435992588,7412.36610750464,161050.47818938,2624035.30958918,NA,NA,6665.87792462498
3444,,45.8130093599034,0.00411749172494927,Romania,Bucharest,1730501.11394501,251.965429142467,5513.09617900102,106438.309249885,2465996.96365661,NA,NA,6868.01010692044
345,,77.4412569444444,0.0152639195807761,Honduras,San Pedro Sula,208129.085769653,198.855639891918,1071.90662907748,14754.6009369868,NA,NA,NA,1046.63406017941
3498,,44.2956461352657,0.00386098971516322,Moldova,NA,141679.205871582,120.055939308533,708.317461007644,12245.0960533415,NA,NA,NA,1180.10992781856
3506,,38.0009444444444,0.00361368556319364,Belarus,Homel,374643.281620026,80.1337916258512,2767.59086995943,55363.5277513671,NA,NA,NA,4675.22220050755
3517,,39.6253221618358,0.00353204233738101,Ukraine,Kyiv,1586403.96506572,518.642320732272,1925.67888893057,41448.3769486776,849856.107477972,NA,NA,3058.76304661346
3528,,52.2122708333333,0.00554519455667989,Turkey,Izmir,1543640.36304092,352.456518339884,6548.72219914375,92354.642430024,1396632.18843378,NA,NA,4379.6618383217
3562,,49.0538958333333,0.00520910120570853,Turkey,Istanbul,13172144.6572374,1338.72642387404,14507.7144314826,294188.129606319,4671473.47151069,8373526.10833276,19755799.3886972,9839.31027455144
3581,,43.3652472826087,0.00400951716882772,Ukraine,Odesa,961536.858059585,200.066846879355,5250.37769589934,87311.4133553978,1189588.29928851,NA,NA,4806.07793373889
3589,,49.0420347222222,0.00483187971493635,Turkey,Bursa,708498.487052917,209.759252644086,5846.77260651602,104290.478494839,916799.71858821,NA,NA,3377.67453936861
359,,70.9375277777778,0.0105148558291189,Honduras,Tegucigalpa,119959.742492676,140.168522859213,735.230498485824,14562.1043561754,NA,NA,NA,855.825117121087
362,,24.0610576690821,0.00207708099918525,Canada,Calgary,1117174.48037815,460.642531279421,2167.78403940981,35149.3091963475,724756.59182998,NA,NA,2425.25256466274
367,,82.2778194444444,0.0151832921673202,Nicaragua,Managua,710667.456466675,208.72442343126,3285.33400321462,64548.927386235,NA,NA,NA,3404.81216708557
3673,,67.0894513888889,0.00783788081318435,South Africa,Johannesburg,7575846.72841036,1631.28181684264,9320.04985441647,131483.253309151,1935222.52480135,9767404.17871405,NA,4644.10664680458
3675,,33.8739583333333,0.003181747593854,Russia,Moscow,14069577.0308762,1886.6197241958,6557.88353795331,142880.997125203,3133091.37504012,10172432.3598111,NA,7457.55853733243
3697,,72.9297430555556,0.00965547993871552,South Africa,Klipgat,964983.268047333,219.072138928325,4638.58427761908,74593.4549096442,NA,NA,NA,4404.86532321233
3698,,71.8837638888889,0.00896116499642327,South Africa,Pretoria,1737179.7009387,435.173091887152,6643.80874664067,84658.8753270696,871793.52332071,NA,NA,3991.92811624755
3751,,60.2207708333333,0.00731247016138732,Egypt,Alexandria,5008214.90744385,596.12865305142,17607.0380613353,321503.166798045,3662719.43759638,7314647.97447894,NA,8401.23164992684
3754,,39.7754130434783,0.00349602606480614,Ukraine,Dnipro,559872.918407917,311.248132686051,1276.26505946958,24555.3529549193,500199.434210076,NA,NA,1798.79928459731
3769,,40.9663393719807,0.00358349887250229,Ukraine,Zaporizhzhia,468827.114824295,232.153839680125,1400.96385878575,28495.6654822216,452932.482814472,NA,NA,2019.46741639196
3777,,69.3168194444444,0.0108540402549134,Zimbabwe,Bulawayo,154111.329402924,114.411848712716,1104.07601668383,19901.1163598188,NA,NA,NA,1346.9874941877
3781,,38.6560413647343,0.00342487904763479,Ukraine,Kharkiv,1106300.46114731,270.310265308691,2597.26552862642,52717.0368998654,939468.123431625,NA,NA,4092.70606088129
3795,,42.6661111111111,0.00369950434016919,Turkey,Sincan,793859.391723633,157.811650916054,7810.40251135568,127065.730280695,NA,NA,NA,5030.4232109321
3798,,69.7629861111111,0.0131890968501644,Zambia,Lusaka,2095360.10507774,307.222065001471,6839.45257606286,137918.85037766,NA,NA,NA,6820.34379616487
3809,,42.3811319444444,0.00371854346998439,Turkey,Ankara,1181200.72473145,375.555186541376,2593.71084361276,49782.9571549577,1280568.3509387,NA,NA,3145.21212077924
3811,,69.7355069444444,0.014095066459559,Zambia,Kitwe,219222.507324219,114.305658944859,2384.69148201904,40954.2064405122,NA,NA,NA,1917.86224188578
3859,,69.2311041666667,0.0138159979884623,Zambia,Ndola,133624.339263916,90.4521801495379,2327.2703483478,40566.3214528836,NA,NA,NA,1477.29263178626
3862,,62.0565138888889,0.00637872041299322,Egypt,Faiyum,1175674.05094433,363.730346016507,5257.35443552557,74928.2557201029,1500785.60808079,NA,NA,3232.26825537117
3868,,74.7098055555556,0.0147236072435482,South Africa,Durban,3039959.26387328,742.471939938401,5482.22094517843,91764.1203974166,1241284.28409497,NA,NA,4094.37596271381
3902,,62.3050694444444,0.00628790452454855,Egypt,Cairo,19219341.1759057,1579.69171975016,26823.621953985,523832.939023781,6987237.88477666,21373294.8264992,NA,12166.5138429322
392,,69.0269652777778,0.0101253136803151,Costa Rica,San José,1617121.42441559,428.284635628137,4397.84482030617,87889.6750154727,1748183.58877741,NA,NA,3775.81003353964
4007,,68.2011527777778,0.0117629044014404,Democratic Republic of the Congo,Bukavu,547826.083084106,63.5727865369327,11751.1460087833,175367.125239434,NA,NA,NA,8617.30487094263
403,,18.9894963768116,0.00179828036040749,Canada,Edmonton,1047354.16625558,490.957377899213,1890.81962801773,30129.7242214534,675646.102394358,NA,NA,2133.28939212029
4104,,63.7862430555556,0.00502009100333751,Egypt,Sohag,816998.213850021,187.244118671432,7513.99665367879,122263.708460423,1177539.79255822,NA,NA,4363.27837502685
4171,,68.3817013888889,0.0113915331821228,Zimbabwe,Harare,1282210.46770859,483.352423697523,2344.72216051772,47927.1445759199,1217999.107681,NA,NA,2652.74446727711
4172,,69.4379305555556,0.011987146424584,Rwanda,Kigali,1101124.92163086,213.563853009437,6610.89304194534,113407.379896514,NA,NA,NA,5155.95174986005
4189,,68.4819513888889,0.0114984995993794,Zimbabwe,Chitungwiza,286611.178348541,49.7287882095996,5728.91647198614,62189.7558410771,NA,NA,NA,5763.48607451517
4195,,31.8429583333333,0.00304282010355854,Russia,Nizhny Novgorod,657534.929196984,269.696733898464,1254.31812870997,25276.799681092,533822.596756273,NA,NA,2438.0529926793
4220,,78.1418611111111,0.0160453579776809,Mozambique,Maputo,2002476.5692234,421.24161933206,5946.09203545672,106267.808393987,2592848.83427291,NA,NA,4753.7481514733
4243,,65.7627291666667,0.00456465578971883,Egypt,Luxor,751314.39050293,48.795946955129,15421.9465178154,228542.117080945,NA,NA,NA,15397.0654815617
427,,80.2052291666667,0.0183369362352154,Ecuador,Guayaquil,336858.36329262,298.990079590482,1051.18785364424,19593.3760711046,NA,NA,NA,1126.65398047322
4309,,59.1050857487923,0.00743382292392723,Israel,Tel Aviv,2213229.66864777,475.597942637893,4836.8862798049,102965.416659204,2595067.73556983,NA,NA,4653.57284005927
4312,,60.0665670289855,0.00754722747133522,Israel,Haifa,215738.705924988,129.637744376395,1324.73228448675,24482.9367655297,NA,NA,NA,1664.16584122756
4337,,59.2560374396135,0.00717903963862286,Lebanon,Beirut,4371872.77993101,262.330886277342,45848.0622170987,841755.935446671,4648543.75718644,NA,NA,16665.4900685578
4351,,52.5847865338164,0.00594997362574115,Palestina,Jerusalem,510977.42074585,271.184025368177,2603.41687989003,51308.2857625626,749868.940442775,NA,NA,1884.24602095243
4393,,52.4074631642512,0.00575416461773242,Jordan,Irbid,233576.938903809,135.614214104832,1446.67585702565,28341.3115557687,NA,NA,NA,1722.3632525957
4408,,50.7987219202899,0.00536221643077654,Jordan,Amman,2291158.90842056,540.399702120627,5784.80459775571,116169.185593742,1958813.13684291,NA,NA,4239.74865165476
442,,77.3365,0.0145475245883886,Peru,Chiclayo,264172.718322754,51.6599780586459,5043.29071027972,90370.9850069315,NA,NA,NA,5113.68235624989
4427,,72.6873472222222,0.0136734360869131,Uganda,Kampala,3044182.16772461,524.466437573978,6951.72485772156,151310.965497173,3798070.20156642,NA,NA,5804.34123069165
4470,,73.3112638888889,0.0135745602923138,Tanzania,Mwanza,624254.537055969,125.159772695023,7268.78775817579,106826.340711579,NA,NA,NA,4987.66115992471
4498,,65.3615277777778,0.0118218963252287,Tanzania,Mbeya,342993.112823486,91.4135088149053,5069.36400214769,67833.1099489455,NA,NA,NA,3752.10532086654
458,,80.4707777777778,0.016510368675387,Panama,Panama City,940075.768238068,221.58078389874,7115.01891027247,100026.974859234,NA,NA,NA,4242.58706778325
466,,76.0936527777778,0.0142757740385802,Peru,Trujillo,676672.24067688,87.4321386364888,8029.30570034726,129883.971604597,NA,NA,NA,7739.39939282783
467,,58.4398263888889,0.00697272136166921,Ecuador,Quito,1406757.98402405,339.714647423119,4116.79133949315,76554.6506369571,1197639.53704866,NA,NA,4140.99890803917
4800,,70.5563611111111,0.012222548476973,Tanzania,Arusha,519115.010269165,104.301763366436,6907.23218208669,104009.177882086,NA,NA,NA,4977.04922250828
4808,,68.546375,0.0111256553403456,Kenya,Nairobi,4512941.00335693,334.746312078247,29028.1433346504,422302.743082003,3617773.07397089,NA,NA,13481.6750491998
4907,,66.4541875,0.0041420447215035,Saudi Arabia,Medina,13944.67395401,218.033890150307,49.3417870514396,991.338524893642,NA,NA,NA,63.9564516525248
4917,,43.9770208333333,0.0034673633412043,Georgia,Tbilisi,576760.703277588,131.895440820112,3074.04576996543,50266.844306375,NA,NA,NA,4372.86307768752
4921,,75.7713263888889,0.0108611383384518,Saudi Arabia,Jeddah,720768.85409832,534.368541577136,1097.60975178253,23087.7698847679,401684.56636878,NA,NA,1348.82351414446
5073,,74.4953333333333,0.00804791078240107,Saudi Arabia,Mecca,54902.7063503265,210.956769129008,205.933232068457,4300.79008588467,NA,NA,NA,260.255722426008
512,,73.03275,0.0139610109260311,Colombia,Cali,729089.711883545,168.867885318485,4180.30590617078,80120.6135057992,NA,NA,NA,4317.51549744631
5145,,76.9129513888889,0.016726345219638,Mozambique,Nampula,143425.140869141,54.6820425980826,2108.19326192398,31843.6863809697,NA,NA,NA,2622.89289233994
5222,,83.0152083333333,0.0192478616570271,Tanzania,Dar es Salaam,5966466.51556301,655.706654719171,17549.778537926,371723.198723859,1812874.68083843,NA,NA,9099.2923018577
5262,,83.0136736111111,0.0191862665300482,Tanzania,Zanzibar City,695861.172317505,93.3831693324102,12634.6477472588,144957.901027512,NA,NA,NA,7451.67654184548
528,,75.0723333333333,0.0137920036201192,Peru,Lima,8521861.11459208,870.66067477823,11466.1480675075,240413.261455546,4252198.61592678,NA,NA,9787.80983390885
5314,,61.3617361111111,0.00587943292262084,Iraq,Baghdad,3805727.45998202,784.898894683491,4664.30779933423,101632.695065712,2320187.78882144,NA,NA,4848.68495262269
5329,,83.7659097222222,0.0198191228377854,Kenya,Mombasa,926238.126142502,132.117843592551,9790.33899721868,120355.611712421,NA,NA,NA,7010.69667015608
5332,,62.0996111111111,0.00594080536634935,Iraq,Karbala,58397.1502838135,109.690142515765,364.883756993385,6531.05045166257,NA,NA,NA,532.382846301985
5362,,61.8277291666667,0.00583675603355497,Iraq,Hindiya,52724.0897216797,36.8966908488482,1378.36574303423,10441.8292807943,NA,NA,NA,1428.96526785208
5538,,80.2958888888889,0.0168513802621905,Yemen,Hodeidah,140982.774475098,49.7087573044186,2675.24231456945,41016.8473656599,NA,NA,NA,2836.17579919999
556,,72.9913668478261,0.0128927558970686,United States,Miami,5732352.23894816,3027.52948181247,2432.1349042799,43182.7497101524,786289.825474718,2290649.9865025,2885011.21086778,1893.40922140795
561,,69.6757847222222,0.0105826959133796,Colombia,Medellín,1734916.7755127,228.495506651632,7521.2993863804,149348.407001211,NA,NA,NA,7592.78289948073
5633,,25.7721041666667,0.00241759942299695,Russia,Chelyabinsk,726719.915776253,301.699476766287,1243.22555945652,26596.4271318372,787244.29340697,NA,NA,2408.75431262087
5635,,62.7306875,0.00517510330064078,Yemen,Sana'a,1938735.3415451,196.8599022494,15823.3795346124,277881.027214615,NA,NA,NA,9848.29982841777
5639,,72.2371180555556,0.00918662679153894,Yemen,Ta'izz,481830.989257812,36.7798676462519,14887.9953476234,304916.429249624,NA,NA,NA,13100.4003030151
5668,,65.4335277777778,0.00616460025896578,Iraq,Basra,194534.314239502,148.516384126076,1207.7853780365,22152.9681205163,NA,NA,NA,1309.85086517028
5698,,67.6689930555556,0.00347236084890435,Saudi Arabia,Riyadh,680137.452850342,1011.56327165362,511.15199377477,11262.3917247636,200151.819200316,NA,NA,672.362739839799
5705,,65.8727569444444,0.00673761557657632,Kuwait,Kuwait City,2245880.43702988,474.332411808985,5994.95122133575,128737.073395374,1849318.82195718,NA,NA,4734.82389378507
5820,,68.2429861111111,0.00833999249523095,Saudi Arabia,Dammam,267659.312545147,342.608449961071,708.185670175985,13813.3286184529,375538.087174855,NA,NA,781.239670462184
5836,,68.0053611111111,0.00980974625990764,Bahrain,Manama,1892014.75552273,343.585244932116,8036.67410534603,125222.837020306,2726208.17228318,NA,NA,5506.68220894219
5865,,69.2041458333333,0.00907385279956968,Qatar,Doha,3833830.88931051,378.378095182062,22102.3034879521,324888.612234951,4770527.38290022,NA,NA,10132.2749337955
5909,,71.8635833333333,0.01034680740503,United Arab Emirates,Abu Dhabi,6236.64189114049,204.092619922575,26.0498698017679,484.88859766425,NA,NA,NA,30.5579001019559
5915,,71.7604444444444,0.0100154941268244,United Arab Emirates,Dubai,644664.663064018,762.726510787185,775.846192914752,15414.9000287652,358352.665613636,937225.953331237,NA,845.210772074358
5924,,71.3163680555556,0.00735077157688643,United Arab Emirates,Al Ain,21783.2304191589,223.002239539901,454.207485942929,4383.99076397288,NA,NA,NA,97.6816666240761
5936,,21.4659930555556,0.00204903342624846,Kazakhstan,Nur-Sultan,24312.2331466675,147.212460168247,85.5244719272813,1679.66810985397,32487.8481875368,NA,NA,165.15064770252
5958,,73.432625,0.0099140286335577,Oman,Seeb,91305.53150177,102.529657190915,737.033698258007,11710.771954588,NA,NA,NA,890.528009195958
5959,,50.635125,0.00428398891801481,Afghanistan,Herat,50633.8880310059,59.8542266015129,825.30761901119,9248.4251668147,NA,NA,NA,845.953425613656
5960,,77.0412916666667,0.0165208575000222,Mauritius,Port Louis,421222.12644434,143.269177058876,3067.51349718191,42765.3554670708,NA,NA,NA,2940.0750049066
600,,78.7999305555555,0.0151127622381162,Jamaica,Kingston,248881.954865932,234.719426980063,1867.58200438036,23193.3613717834,185010.684158024,NA,NA,1060.33811546018
6003,,45.3301736111111,0.0038648119905992,Kazakhstan,Shymkent,368990.496433258,147.910940511733,1679.49383684543,31888.4252628387,NA,NA,NA,2494.68021200223
6025,,21.7093194444444,0.00211830549496162,Russia,Novosibirsk,853480.951265335,307.706487445458,1452.67491709057,29991.3987651133,681408.782464677,NA,NA,2773.68526855195
6028,,53.7217361111111,0.00466098810833944,Afghanistan,Mazar i sharif,377449.448274612,45.9116288615656,9139.07891321933,137078.941188987,NA,NA,NA,8221.21666414214
6045,,49.1585069444445,0.0045578186085762,Tajikistan,Dushanbe,962939.39806366,143.780691320641,11382.8624043913,236095.359901012,NA,NA,NA,6697.27895462846
6056,,53.4579444444445,0.00450780272947896,Afghanistan,Kandahar,62077.5751428604,66.7978050716023,607.82748405301,8679.28833238207,NA,NA,NA,929.335553411041
6118,,38.2740833333333,0.00302204506193391,Afghanistan,Kabul,2989668.98345184,320.226738873075,7792.92579156454,162278.287165879,3086309.89047276,NA,NA,9336.10039552889
6130,,38.2155,0.00309269375169953,Kyrgyzstan,Bishkek,936404.428283691,155.922793072072,10723.5050751611,211966.412570884,1399174.1684934,NA,NA,6005.56474030619
6169,,73.3572638888889,0.00889257851641927,Pakistan,Karachi,11925344.9590557,749.735176299445,28475.3536884975,568619.457005693,10507853.1503552,NA,NA,15906.0763534092
6174,,36.9455138888889,0.00293636450288997,Kazakhstan,Almaty,1443221.18651581,317.861953077031,3623.96449785144,77439.1139870651,1864200.48364729,NA,NA,4540.40243742558
621,,57.9860277777778,0.00786577350163446,Colombia,Bogota,3089456.81274414,534.443813886126,5209.87972718235,109932.290892845,2218842.50289698,NA,NA,5780.69524330281
6251,,74.79625,0.00676641753599384,Pakistan,Hyderabad,1108702.35494995,99.5752498463883,18044.8368974813,294464.98846806,NA,NA,NA,11134.3165762608
626,,81.0355347222222,0.0174062666019003,Colombia,Barranquilla,1579869.68595314,159.005086584234,10606.2192667587,200137.050016071,NA,NA,NA,9935.96947048734
6337,,66.1418680555555,0.00795957404523207,Pakistan,Multan,2147973.78369141,327.906617955816,6272.04140389802,131073.708814188,3104719.85763456,NA,NA,6550.56551490778
634,,35.319803442029,0.0033180368458549,United States,Chicago,6866756.89448607,3827.07928403226,2687.03931966787,46697.0848026382,954803.257351365,2811168.2382343,9602267.19234295,1794.25519694255
6405,,63.9251388888889,0.00787552036892982,Pakistan,Faisalabad,3835756.64208984,401.762803258845,12627.8895845978,264546.041088523,4539344.68806941,NA,NA,9547.31650361014
6473,,63.4508125,0.00782455578781299,Pakistan,Lahore,4706404.66546631,952.089547475921,4476.22594877682,92586.382170349,1463479.97840784,3019929.82885143,NA,4943.23740654798
670,,74.9367708333333,0.0125233683398051,Colombia,Bucaramanga,308341.882629395,91.4022528241576,3415.51713220104,60407.6253987194,NA,NA,NA,3373.46042468551
6845,,79.9609722222222,0.0115993617469965,India,Mumbai,16130249.5327439,1071.32036159583,21044.6436433382,419523.124173854,8979842.43168393,24187898.6051939,NA,15056.4201997584
6955,,68.1746736111111,0.00808968453202512,India,Delhi [New Delhi],23127913.9288025,2465.01170929517,14513.672402536,318139.684569588,6897382.96164707,13596947.850825,NA,9382.47629477408
719,,82.6053263888889,0.0163734270446318,Venezuela,Maracaibo,1259687.829512,283.220286679482,4193.65196113657,88020.3061780801,NA,NA,NA,4447.73163773249
741,,78.2712469806763,0.013889066272911,Haiti,Port-au-Prince,3032287.24913406,278.503304522723,15888.2161279649,310351.367077914,4449703.09690504,NA,NA,10887.7963022039
753,,60.9523055555556,0.00772733320265328,Peru,Arequipa,406211.320343018,136.228535540223,3670.22410921368,70869.6276216072,NA,NA,NA,2981.83723940186
797,,73.9498541666667,0.0142702663633944,Dominican Republic,Santiago de los Caballeros,497640.003448486,150.211380247228,3078.99037732703,56457.9248482423,NA,NA,NA,3312.931434552
8005,,79.4703055555556,0.0122541140907054,India,Hyderabad,7413836.76766968,869.198038694439,11752.9146581832,250175.636686546,2419236.93185352,NA,NA,8529.51391699581
816,,75.9755486111111,0.0154705507569644,Dominican Republic,Santo Domingo,3664436.94251156,512.243209859399,7479.64227341841,159473.90707168,2702826.23077875,5478335.47638215,NA,7153.70525559017
821,,75.7738402777778,0.0135321787372231,Venezuela,Valencia,432526.953430176,316.005237071896,1323.01290922706,25755.3890558865,521009.997658246,NA,NA,1368.73349770393
833,,76.7599513888889,0.0124045417505739,Venezuela,Maracay,253235.494270802,165.953296997604,2181.30592342668,31930.8032179588,NA,NA,NA,1525.94434007815
849,,46.9437152777778,0.00518867427725687,Bolivia,El Alto [La Paz],436218.891864777,251.57815909313,2180.15280038612,40423.7302411835,651287.661556263,NA,NA,1733.92989851435
857,,68.3269791666667,0.0112378488380458,Venezuela,Caracas,1512035.84356689,327.938029469643,4618.85491360038,91885.6426255224,1686214.88956386,NA,NA,4610.7365041262
8675,,81.5625138888889,0.0164705649032205,India,Chennai,8887032.00724125,934.395504900981,14344.6607077828,305905.35193901,3085538.1038393,13304060.4412302,NA,9510.99610457033
8713,,69.9543819444444,0.00949054103899527,Nepal,Pokhariya,909915.993652344,122.51826704621,22651.0854520553,143011.988587573,NA,NA,NA,7426.77819062814
875,,32.6867989130435,0.00289356146345648,Canada,Toronto,6373604.42978494,2018.33895433729,3784.26610240691,63549.5831777054,1045900.27299578,2954132.05811,9530654.65801675,3157.84641429452
8759,,57.3033680555556,0.00643591785020143,Nepal,Kathmandu,6955351.13897705,269.965146743893,42039.6156294396,862607.607178049,NA,NA,NA,25763.8855343625
88,,69.3486111111111,0.007144074061284,Mexico,Guadalajara,4991166.32399338,589.018001242191,11028.5181988295,176091.483404787,4685448.46705829,NA,NA,8473.70761753871
8835,,82.1831527777778,0.017964205464629,Sri Lanka,Colombo,4375444.29552564,1146.49370463845,5325.50192648516,101000.42628965,2098902.94988232,3724743.93493066,NA,3816.37010113844
897,,62.3711875,0.00807342682886991,Bolivia,Cochabamba,330923.642570496,221.777601003331,1857.4711243942,34382.0315598841,467129.852552005,NA,NA,1492.14186226825
9006,,76.1329652777778,0.0141270301124805,Sri Lanka,Kandy,526138.19543457,214.601277838993,2564.77612767218,44090.7012098429,NA,NA,NA,2451.70113026686
901,,61.0893541666667,0.00874893485925522,Chile,Viña del Mar [Valparaíso],254806.84297204,183.49586446427,1441.82741001695,21323.0803751057,253141.114520424,NA,NA,1388.62444511198
902,,76.9246180555556,0.0155526152910717,Puerto Rico,Río Piedras [San Juan],941392.103524303,370.999188764604,3066.61964468475,51398.7077101862,911214.52502065,NA,NA,2537.45057141246
904,,78.3978402777778,0.0156680343077187,Venezuela,Barcelona,123133.972579122,144.090366388439,2686.68531021844,21560.6191154913,NA,NA,NA,854.560757012562
914,,60.8967083333333,0.00851014667442265,Chile,Concepción,171498.563723683,132.745052055144,1031.57915056568,17052.3098101713,NA,NA,NA,1291.93940616664
9245,,70.5292361111111,0.00881307996961797,Nepal,Itahari,1106245.32073975,70.7158100788104,26379.8522489327,217345.263211509,NA,NA,NA,15643.5360000383
931,,71.0751805555555,0.00703834962584222,Chile,Santiago,4640453.30089569,718.101983284675,5954.69976686439,123495.777902704,2003544.4295751,NA,NA,6462.10901642377
945,,43.4181844806763,0.00353275649399251,United States,New York,16293828.2890275,5378.61765235547,8271.81019230401,141932.655395651,2403661.61978694,6122961.70114097,16273737.4743153,3029.37099124195
9602,,14.7519583333333,0.00114464418077768,Mongolia,Ulaanbaatar,351810.636444092,166.111313981573,3522.93940630385,57218.8349502205,501676.072542649,NA,NA,2117.92097727382
962,,79.9404305555556,0.00895031351357162,Argentina,San Juan,168035.001251221,97.7013462841573,2016.29403830298,36062.4497996712,NA,NA,NA,1719.88419445627
966,,75.6228680555556,0.00833869690206438,Argentina,Mendoza,247642.012905121,194.461857118248,1447.20445851443,26798.4490334359,NA,NA,NA,1273.47345425451
9691,,76.2872361111111,0.0111799438794695,India,Kolkata,20241674.4607248,2803.64569917185,23638.3014919541,431228.464198715,5658174.02760368,9676678.83776706,NA,7219.76905523543
976,,79.6225694444444,0.0156890246737174,Bolivia,Santa Cruz de la Sierra,379748.833648682,279.470360600651,1131.53372623723,23793.231326247,NA,NA,NA,1358.81612931156
9780,,72.6092638888889,0.0110254782714705,Bangladesh,Sirajganj,1145631.55480957,586.407510140172,1650.20973281208,32724.5535225181,429763.81434438,835087.937730094,NA,1953.6440700354
9872,,74.6600972222222,0.0104032919802135,Bangladesh,Dhaka,24154801.5662031,3233.30258330975,29188.6956664278,566118.244684083,9769574.79707791,13547912.1439534,NA,7470.62823346313
991,,76.8951180555556,0.0140498941657652,Argentina,San Miguel de Tucumán,560623.572120667,167.331723679405,4410.45113425253,86013.1775617756,NA,NA,NA,3350.37230115898
9924,,72.0437847222222,0.0102118004047519,Bangladesh,Brahmanbaria,1216842.01030731,550.527166647567,1847.98280226396,33210.0698101707,528026.680233508,NA,NA,2210.32145918841
9938,,74.3650555555556,0.0102669725227066,Bangladesh,Comilla,5212902.17880249,2479.56181113357,1881.71323242046,40673.2078518126,897042.469791133,1643861.84824222,NA,2102.34814691687