ID,location,crowding,intensity,temp,pop,humidity,mobility,total_cases,peak_cases,prop_peak,reporting_days,patchiness,pop_entropy,var_difference,range,contacts,raw_intensity
CN110100,Beijing Municipality,853727.641257905,0.0937236047333461,28.5506439393939,28351278.4128418,0.00145942228637639,,133,38,0.285714285714286,20,738946.137562189,0.357232170022766,189.259259259259,0.37037037037037,24119451958275.9,0.135214579763036
CN120100,Tianjin Municipality,605536.05763361,0.131333913660961,29.7443518518519,16518932.5754395,0.00186409706275852,,37,12,0.324324324324324,18,511143.157202527,0.167802953011146,25.0231481481481,0.75,9954560511760.01,0.189474785939208
CN130100,Baoding,89548.6656560569,0.0970794010778051,32.4663020833333,11934299.8262939,0.00194709712120574,,21,8,0.380952380952381,15,53602.97943228,0.217048983416837,6.8954008954009,2,1066773775501.62,0.14005597050742
CN130200,Cangzhou,55135.9684755947,0.119942870803528,34.4464583333333,7478518.80908203,0.00249293535387397,,26,13,0.5,22,18296.9743421857,0.361009460238784,5.83862433862434,3.14285714285714,411661316874.263,0.173040984898235
CN130300,Chengde,24832.2728248995,0.107909861583412,14.2776388888889,3689097.96417236,0.000916451797894374,,6,1,0.166666666666667,12,18815.1684787782,0.0430090437643816,0.548148148148148,6,91495455476.9143,0.155681022169403
CN130400,Handan,102887.543492788,0.0544512265528251,36.762,10286187.1181641,0.00267231693289241,,23,8,0.347826086956522,14,46371.0318545235,0.274081990062985,5.89173789173789,1.75,1055699749162.54,0.0785565145180823
CN130500,Hengshui,53216.9825302756,0.174206290017125,33.1765,4451888.25195312,0.00243171441782923,,8,2,0.25,13,18437.6055618918,0.156633771724079,2.23148148148148,6.5,236274792459.091,0.25132655069937
CN130600,Langfang,76112.073977795,0.105683358051574,30.79,4978392.234375,0.00205346392183818,,17,6,0.352941176470588,13,23708.9451949003,0.742936962719164,6.39057239057239,1.33333333333333,377673311415.93,0.152468856565499
CN130700,Qinhuangdao,55985.6678964256,0.143792812891978,22.5163541666667,2911244.6328125,0.00147664572271104,,4,1,0.25,7,30889.7314066626,0.532327645228511,1.34814814814815,4,162212737550.593,0.207449178074731
CN130800,Shijiazhuang,213937.606591882,0.0757614457245199,34.7739814814815,11235128.4812012,0.00227488235052317,,24,8,0.333333333333333,14,160691.552178606,0.143664839012685,9.78917378917379,1.8,2395060145197.86,0.109300662037343
CN130900,Tangshan,111920.135313381,0.105832478226186,30.4942803030303,7935465.03479004,0.00198033315496596,,32,8,0.25,25,70590.5882571828,0.210715875552033,9.80032206119163,3.125,885220772838.616,0.152683991501907
CN131000,Xingtai,81797.7567368709,0.103984325623624,37.90875,7242903.90063477,0.00315622580977998,,20,6,0.3,18,40878.3957163355,0.245489883036221,4.33197167755991,4.5,590780532622.003,0.150017670907385
CN131100,Zhangjiakou,52443.6448597996,0.178172819888849,17.0347619047619,4565535.55258179,0.00113406839344213,,18,6,0.333333333333333,16,44490.7501688906,0.100670678088803,5.86243386243386,2.66666666666667,239079450372.825,0.257049043674844
CN140100,Changzhi,76013.2874085104,0.810030741166949,26.2652083333333,3565086.84313965,0.00210277410081044,,3,2,0.666666666666667,12,58452.2832551131,0.16413686562036,0.639057239057239,6,269967431602.571,1.16862733324917
CN140200,Datong,135010.754780711,0.184535123214271,20.4758333333333,3849375.29882812,0.00134486847236311,,4,2,0.5,9,117354.069923701,0.185408139638586,0.71957671957672,9,517634863345.608,0.266227907131063
CN140300,Jincheng,102816.675444501,0.354090844211754,35.01125,2446397.90014648,0.00237633114072098,,6,3,0.5,30,84423.7062704668,0.0884630429634767,0.643222039773764,10,249977611856.772,0.510845104968483
CN140400,Jinzhong,60743.0991867581,0.183886005095514,32.5758333333333,3557811.07284546,0.00224162354163053,,21,6,0.285714285714286,37,45795.3131663991,0.282020364101898,2.54497354497355,7.4,215427886548.338,0.265291427640181
CN140500,LÃ¼liang,45680.5252884148,0.377601840348779,29.3355555555556,4082732.05807495,0.00227761192673527,,4,3,0.75,11,32468.8001813761,0.342408585355919,0.814814814814815,5.5,186072343693.363,0.544764302501729
CN140600,Linfen,75056.5391684699,0.72105705434887,31.1933333333333,4874306.27282715,0.00271057635516452,,2,1,0.5,12,58700.8067093184,0.133714833123734,0.348148148148148,12,364888406295.089,1.04026543650712
CN140800,Taiyuan,550721.396785806,0.270310828828696,26.8016666666667,5315730.93225098,0.00192546420512108,,5,2,0.4,16,499609.599360316,0.23849953347475,0.786243386243386,8,2901950319702.84,0.389976092249745
CN141000,Yangquan,94863.5498211002,0.22105705434887,22.2769791666667,1434240.49633789,0.00149843399922333,,4,1,0.25,12,73133.6332099201,0.526064610287877,0.548148148148148,12,134467883895.032,0.318917916062637
CN141100,Yuncheng,49004.733319857,0.27007629718317,38.7618333333333,5585953.73681641,0.00328492918439094,,10,3,0.3,38,21889.4530440492,0.656447082649096,1.06406406406406,12.6666666666667,273144612665.92,0.389637734607814
CN150200,Baotou,487731.315794846,0.135730704964676,14.3164880952381,3075956.72524452,0.00104741806312709,,22,13,0.590909090909091,13,480628.489639546,0.0326486129107687,7.32239057239057,1,1496826119695.83,0.195818014948901
CN150300,Bayannur,35841.009187449,0.0946298491801438,17.6029166666667,1633829.35799306,0.000925393827506138,,15,7,0.466666666666667,11,34204.9056223257,0.0302892705221308,3.58148148148148,1.75,58502096057.6143,0.136522014132264
CN150400,Chifeng,38666.9306065284,0.167538311461385,14.5368055555556,4203914.19826373,0.000910776592429056,,11,5,0.454545454545455,19,35639.1739795373,0.0227308450790417,1.380174291939,6.33333333333333,162444516195.692,0.24170669110425
CN150500,Hinggan League,19129.0011363688,0.219280833164715,1.37864583333333,1514143.96257174,0.000447048995163057,,5,3,0.6,10,17417.1685995229,0.0336453285463518,0.898148148148148,5,28934228887.5837,0.316355370568734
CN150600,Hohhot,316963.698487715,0.201888563782925,14.9448958333333,3459446.22079468,0.000995470064280912,,15,9,0.6,9,303710.115266279,0.0502734035672134,2.98743386243386,1.8,1092493317864.44,0.291263629781821
CN150700,Hulunbuir,16906.6963958475,0.201660639920826,-10.5469444444444,2581144.4161705,0.000321223223148439,,11,8,0.727272727272727,26,16335.1266495808,0.0229725835184174,0.898148148148148,8.66666666666667,43629271998.7107,0.290934805156271
CN150800,Ordos,61414.3058129351,0.159121305782849,21.6622023809524,2907066.4085077,0.00117722433953283,,34,20,0.588235294117647,11,59173.9284740703,0.0125937359717551,9.35925925925926,0.636363636363636,178402834328.27,0.229563518752692
CN150900,Tongliao,35824.1587028164,0.151733612422263,6.17841666666667,3243940.16773748,0.000692835991062154,,5,1,0.2,12,32366.8003150365,0.0304838700851385,0.548148148148148,12,116099491396.113,0.218905330177767
CN151000,Ulanqab,22092.7518080271,0.0199046122521219,9.9125,1918805.5222683,0.000675155518835323,,9,6,0.666666666666667,3,19831.0094468616,0.0182587275055058,0.148148148148148,1,42346821706.2051,0.028716285386954
CN151100,Wuhai,47421.0608797348,0.0203108288286959,22.4638541666667,635936.056152344,0.000880492593270079,,5,3,0.6,4,22962.9817969524,1.05593171686872,0.481481481481481,2,29595109046.6706,0.0293023320275041
CN151200,Xilingol League,10377.2389700425,0.150672644837702,4.45607142857143,1167886.11937012,0.0007362778428214,,11,4,0.363636363636364,25,10017.3347304349,0.0143509901863802,0.930756843800322,12.5,12115818051.9256,0.217374677504977
CN210100,Anshan,204890.81391501,0.200253195498065,14.1438888888889,3689627.74511719,0.000797452385808767,,3,1,0.333333333333333,5,179090.221291813,0.198178176324144,1.48148148148148,3,751350018807.894,0.288904292067226
CN210200,Benxi,162579.73167261,0.213338763464677,13.6035416666667,1805937.04980469,0.00103184777601957,,9,3,0.333333333333333,9,148133.235274173,0.0820339767268832,4.84457671957672,3,291468606591.759,0.307782776079874
CN210300,Chaoyang,68621.576302324,0.165523284851655,19.0982142857143,3155943.80249023,0.000857197770247856,,18,6,0.333333333333333,14,58729.3355421665,0.0885309930053112,10.0712250712251,1.16666666666667,215984814992.227,0.238799622207134
CN210400,Dalian,290696.51573462,0.174464183890154,24.0921354166667,6600516.69311523,0.00145930591480577,,39,15,0.384615384615385,17,252544.240051873,0.221082900311014,45.5439814814815,1.21428571428571,1909111814724.01,0.251698612911065
CN210500,Dandong,91785.3675630608,0.210817506342831,16.6410833333333,1935145.84680176,0.000956220498124674,,19,7,0.368421052631579,12,82571.3873401953,0.0302129656667758,13.2208754208754,1.71428571428571,176857179135.515,0.30414537093338
CN210700,Fuxin,68716.7746921159,0.126060612758193,11.7610416666667,1731003.08984375,0.00063912872291422,,16,9,0.5625,5,58226.8468748811,0.147726669279377,19.0648148148148,0.571428571428571,118338095668.56,0.181867020877669
CN210800,Huludao,57969.878114896,0.168249539202506,24.1551388888889,2305301.13439941,0.00112963157226029,,17,7,0.411764705882353,10,42394.5190986837,0.18329760586272,12.8981481481481,0.857142857142857,132977673529.465,0.242732775839309
CN210900,Jinzhou,88359.3305483087,0.146392793227669,17.5314880952381,3199747.87524414,0.000848806983868071,,22,7,0.318181818181818,13,66885.51259365,0.249519638787719,18.9587542087542,1,281291225973.193,0.211200156811442
CN211000,Liaoyang,119425.927319785,0.158177096350392,15.87925,2052209.45361328,0.0011839872330481,,7,2,0.285714285714286,11,92774.8564936386,0.189427353565003,2.37037037037037,5.5,242614375006.042,0.228201312486927
CN211100,Panjin,174775.691547357,0.110385566843685,16.9898214285714,1407103.19519043,0.000927509654712669,,27,8,0.296296296296296,10,144838.325692241,0.338925434883941,31.0092592592593,0.625,241591211233.486,0.159252709871102
CN211200,Shenyang,703275.871351541,0.263298367620841,13.5496759259259,9184362.52001953,0.00111635260162773,,52,23,0.442307692307692,41,657355.058751444,0.133732140812762,39.9430199430199,1.78260869565217,6428953618255.46,0.379859249240747
CN211300,Tieling,41546.8878246099,0.227773644586425,3.95479166666667,2517282.81188965,0.000692130388267484,,9,3,0.333333333333333,10,29328.0683494175,0.212980315345277,4.25925925925926,3.33333333333333,104226882907.612,0.32860790749004
CN211400,Yingkou,104502.421489052,0.315464876785729,19.28625,2381460.765625,0.00114055632585795,,3,1,0.333333333333333,9,75811.1231080275,0.322235849637403,0.71957671957672,9,246693221324.167,0.455119613313419
CN220300,Changchun,366408.46174717,0.0932532581628656,6.398046875,8158954.80224609,0.00100440908450578,,42,12,0.285714285714286,40,341458.52963021,0.0787430615332229,6.35867446393762,4,2980990369962.12,0.134536013098304
CN220400,Jilin,162172.085080554,0.198950982525434,7.12097222222222,4520515.37621278,0.000870270550859488,,6,1,0.166666666666667,40,152127.495355637,0.0727683732394395,0.358674463937622,40,731573193794.91,0.28702559586943
CN220500,Liaoyuan,63256.5051465393,0.204795830169738,8.31666666666667,1096489.6784668,0.0010153788668873,,12,3,0.25,31,49720.5955358381,0.199099914156536,1.62975734355045,10.3333333333333,68687041781.5033,0.29545792858062
CN220600,Siping,54216.9717062105,0.117064221048084,9.00166666666667,3449812.55187988,0.0012238580516923,,25,10,0.4,35,39411.9092517904,0.13603791376365,1.9280055456526,7,186454854327.171,0.168887971171601
CN220700,Songyuan,42479.6619272195,0.569323441926607,10.5802083333333,2974119.49206543,0.000827576987377498,,2,1,0.5,5,34007.3870210502,0.0897309388726681,0.814814814814815,5,126051436615.023,0.821360106329352
CN220800,Tonghua,55418.3046938811,0.308549975060957,13.0933333333333,2307291.57270789,0.00115140326892696,,6,2,0.333333333333333,26,46001.7880705836,0.141458303813383,0.771481481481481,13,127432964790.094,0.445143518886856
CN220900,Yanbian Korean Autonomous Prefecture,79443.844701052,0.294153167539566,6.49645833333333,2244614.71712655,0.00087670995829804,,4,1,0.25,29,76153.6207756465,0.0392852324921534,0.296296296296296,29,178070184382.394,0.424373316071112
CN230100,Daqing,41103.3740057926,0.297088096060116,7.99270833333333,3053487.45959473,0.00086667698198982,,8,3,0.375,21,32202.0782052249,0.306922000924849,1.08499025341131,7,125221964648.144,0.428607522893073
CN230300,Harbin,317949.583102024,0.210766703384114,10.5613888888889,12067896.5137329,0.000999154083591099,,16,7,0.4375,22,304015.367728199,0.0326486129107687,3.41005291005291,4.4,3832746145833.51,0.304072077756777
CN230600,Jiamusi,63303.0106093636,0.885179503446286,2.63,2767581.0408287,0.000591166121539885,,5,4,0.8,4,58299.3432660929,0.0601415564707673,7.14814814814815,0.5,174904443170.475,1.27704407991851
CN230900,Qiqihar,61605.4138600664,0.449922565594948,5.77916666666667,5356332.8097229,0.000785220137063251,,6,3,0.5,19,54279.0091956028,0.0377484284377288,0.958605664488017,6.33333333333333,329581375250.069,0.649101054167871
CN231100,Shuangyashan,30939.1140324094,NA,12.956875,1430741.74382782,0.00124264772827244,,10,9,0.9,17,26998.676721589,0.152021029469146,5.34814814814815,1.88888888888889,44159468371.444,NA
CN231200,Suihua,36090.4687481591,0.442260070148565,-0.663055555555556,5932033.86397409,0.000457497696617927,,8,7,0.875,4,25951.239920853,0.106905644928548,9.48148148148148,0.5,213826731269.629,0.63804640998654
CN310100,Shanghai Municipality,1274907.18956724,0.249440908119501,44.015625,30477714.7617188,0.00434775473750865,,29,25,0.862068965517241,5,884168.256724693,0.514967227442541,31.4814814814815,0.176470588235294,38510777826040.7,0.359867161138843
CN320100,Changzhou,259256.385967111,0.0318080223609421,43.1228288429407,5339134.6171875,0.00459644015651205,,82,8,0.0975609756097561,25,168763.578896136,0.578877637874913,15.0756843800322,2,1368932686294.69,0.0458892761206164
CN320200,Huai'an,124371.984957305,0.0380526250158025,41.4038480392157,4345019.13911438,0.00417505674290273,,56,15,0.267857142857143,23,90949.7608102712,0.22707220753632,7.76719576719577,1.625,537358820767.454,0.0548983334031056
CN320300,Lianyungang,70095.0008528577,0.05503269841318,39.5389880952381,4155153.12536621,0.0039045757944663,,35,8,0.228571428571429,24,31622.3608031706,0.409319522622328,5.10071731810862,2.8,290038834539.237,0.0793954010874328
CN320400,Nanjing,700638.496170287,0.055939431582924,43.3590364583333,10470160.4763794,0.00448280446969563,,67,9,0.134328358208955,27,590427.280629451,0.232948311673874,12.3466096866097,1.77777777777778,7270725192118.11,0.0807035405348319
CN320500,Nantong,109690.235716861,0.0441852566099356,42.7154166666667,6578655.69433594,0.00453957744887769,,32,9,0.28125,20,50953.238446004,0.309863064812317,4.03703703703704,2,718621402630.994,0.0637458505915604
CN320600,Suqian,55317.6084450405,0.0926446239093873,38.8900925925926,4571174.10772705,0.0035708180844944,,10,3,0.3,21,19606.3107284229,0.946514809365659,0.884990253411306,10.5,252166233019.494,0.133657939479096
CN320700,Suzhou,283837.099729198,0.0686126739432378,44.3488888888889,12539218.2328205,0.00472091650117855,,68,12,0.176470588235294,27,170872.169703788,0.599195169158013,18.0681481481482,1.25,3539792602509.21,0.0989871644400405
CN320800,Taizhou,93564.8605829022,0.0525240913296904,40.6884583333333,4369096.18359375,0.00394768172501639,,27,5,0.185185185185185,13,37551.8069470849,0.70245538315347,12.5117845117845,1.4,406690446362.784,0.0757762460885433
CN321000,Xuzhou,127407.814800981,0.0521108911126983,40.8104166666667,8121209.8515625,0.00397413390738872,,59,8,0.135593220338983,21,76966.5175863075,0.167905147612214,16.7034113060429,1.375,1030823232772.11,0.0751801241845946
CN321100,Yancheng,61450.4902696793,0.152649944161654,41.9044270833333,6734434.6663208,0.00446304252841376,,17,5,0.294117647058824,20,29229.3148327377,0.558527607554327,5.37037037037037,4,412892479824.095,0.220227317433995
CN321200,Yangzhou,119512.829428703,0.103451471674272,42.1982954545455,4344818.84785461,0.00439465328902659,,21,5,0.238095238095238,25,71768.5673643666,0.330803006621193,5.10466988727858,5,515834984805.469,0.149248925157137
CN321300,Zhenjiang,162937.384435521,0.0800162044435997,42.23109375,3401711.06445312,0.00439541153424816,,12,2,0.166666666666667,14,93515.7096507636,0.380605576949748,1.39173789173789,4,547773792749.014,0.115438981341539
CN330100,Hangzhou,347478.560445828,0.0809399041581172,44.993125,10280098.6397705,0.00504312867024617,,165,53,0.321212121212121,38,301172.809816231,0.204064397761488,73.6361361361361,1.02702702702703,3558167542387.99,0.116771598338944
CN330200,Huzhou,76093.6258404726,0.138519169631526,38.9797916666667,3024262.23779297,0.0042163034542009,,10,3,0.3,13,38758.0550035224,0.810437117930919,2.87542087542088,4.33333333333333,228679986299.947,0.199840919095459
CN330300,Jiaxing,146173.290277447,0.0838445175095471,44.7498888888889,5840935.18554688,0.00508598999347255,,43,8,0.186046511627907,40,41871.8762498245,0.81965378516264,4.12115759484181,8,849421376595.976,0.120962069616751
CN330400,Jinhua,110658.948713889,0.116977686585426,42.0959027777778,6260082.95092773,0.00471128042107503,,49,20,0.408163265306122,37,68074.350408258,0.785162209685214,9.34497354497354,2.84615384615385,689835211270,0.168763128331457
CN330500,Lishui,35998.2018705166,0.132426098836251,44.6689285714286,2016598.57537842,0.004517268678062,,16,8,0.5,13,27115.507705854,0.324196261484291,5.93602693602694,1.16666666666667,72353036730.6902,0.191050476075331
CN330600,Ningbo,234385.840197182,0.0920926014190979,46.4279166666667,8471731.50927734,0.00547589378974602,,163,54,0.331288343558282,37,156664.53277262,0.454936950032935,70.3473544973545,1.37037037037037,1973477578748.23,0.132861539369896
CN330700,Quzhou,48273.7518903834,0.435665599529098,47.31875,2146791.60699463,0.00522022346310642,,39,27,0.692307692307692,37,30234.4862853865,0.419991650532206,43.4330687830688,1.37037037037037,103088247233.397,0.628532599926547
CN330800,Shaoxing,139270.003510625,0.105569801422952,42.7757638888889,5245984.77099609,0.00483186290182877,,42,21,0.5,22,92009.8794475975,0.438508456707008,19.8481481481481,0.8,726259827145.716,0.152305028980525
CN330900,Taizhou,126324.866134965,0.118392262150373,48.7971614583333,5589180.16223145,0.0059018886603048,,126,59,0.468253968253968,40,79749.3647830365,0.806590082851003,78.8606987554356,0.952380952380952,702337989401.458,0.17080392948397
CN331000,Wenzhou,305200.1543454,0.0943696756731805,49.5570175438597,9204161.68664551,0.00577762477064708,,493,167,0.338742393509128,42,239923.411886922,0.370944152273407,652.326196928636,0.375,2793449908693.32,0.136146663103997
CN340100,Anqing,48837.3888996888,0.0875986569063636,45.7948333333333,5568991.80175781,0.00524450564055267,,64,16,0.25,25,23174.8322095606,0.439222949749429,41.1916264090177,0.9375,271380269781.431,0.126378147907345
CN340200,Bengbu,93578.4100305196,0.0583530788643385,42.9751225490196,2886535.14941406,0.00463795232663943,,124,51,0.411290322580645,24,55092.2747049987,0.308281396076851,47.6856975552628,0.5,267997025947.414,0.0841856974981837
CN340300,Bozhou,47212.2804105237,0.0474252344673447,43.8988333333333,4839470.90234375,0.00472890693691585,,94,12,0.127659574468085,22,8185.28926259018,0.67573648812181,44.5386243386243,0.916666666666667,228163001883.139,0.0684201505790346
CN340400,Chizhou,27229.8612487422,0.139392539418788,45.0188095238095,1393499.23193359,0.00544322355721875,,8,3,0.375,22,14676.8141142053,0.336840129254831,0.848148148148148,11,37760537319.606,0.201100925356405
CN340500,Chuzhou,36853.9780770492,0.166666666666667,39.1801388888889,3928154.70019531,0.00428846849792273,,4,3,0.75,4,15960.5381823933,0.481249383386254,1.48148148148148,1.5,144434640698.518,0.240449173481494
CN340600,Fuyang,73895.4116547867,0.0334781714587356,43.1133333333333,7134656.90625,0.00455702294834783,,114,11,0.0964912280701754,27,22567.9447033479,0.247701806605509,25.2681481481481,1.36363636363636,526060031099.143,0.0482987919415483
CN340700,Hefei,363025.332826681,0.0317770753795624,44.0220643939394,8817468.86920166,0.00502748177757108,,153,16,0.104575163398693,27,310541.399081433,0.198449436702958,43.4666096866097,0.875,3184665826174.89,0.0458446290640494
CN340800,Huaibei,143123.828937199,0.0943385685690578,42.3704166666667,2326562.6015625,0.0042999928862434,,23,8,0.347826086956522,23,81899.4973171336,0.482421479806662,4.33862433862434,4.6,327972223914.959,0.136101785039143
CN340900,Huainan,208887.062725761,0.114754019526636,39.3685,2246548.62695312,0.00372180329084224,,25,10,0.4,23,131420.868692895,0.39844050758377,6.71957671957672,3.28571428571429,459094138019.83,0.165555054893153
CN341000,Huangshan,26924.0777273967,0.0981270821770131,39.0054166666667,1342712.03356934,0.00388021079843959,,9,4,0.444444444444444,5,16516.4573121306,0.488746447917634,7.73148148148148,1,35979369622.5648,0.141567454833681
CN341100,Lu'an,39529.8843874682,0.0502066148237632,43.4475694444444,5321898.6751709,0.00480319760645532,,53,18,0.339622641509434,25,18412.2388510757,0.149050313124008,11.7061191626409,1.8,209985197805.498,0.0724328342260655
CN341200,Ma'anshan,102816.06532116,0.0959373800247818,44.0631060606061,2480378.31445312,0.00511845267500155,,30,8,0.266666666666667,22,60051.92196852,0.260385679722524,9.47671957671958,1.375,252454609748.416,0.138408382397633
CN341300,Suzhou,54661.6670682843,0.0753903800670406,40.9897321428571,5074323.95532227,0.00402792563149224,,32,7,0.21875,23,17623.8060805306,0.407020898736231,10.7650312650313,2,276718240938.953,0.108765327453454
CN341400,Tongling,127006.720354649,0.0844401921819157,42.5826041666667,773520.028320312,0.00461470126149566,,25,9,0.36,23,75439.7184666286,0.62770525719715,3.85377585377585,2,94351966381.2796,0.121821446512561
CN341500,Wuhu,167540.956934059,0.119223115282198,41.4076388888889,3283827.27441406,0.00432405215687354,,25,9,0.36,23,124894.849474136,0.138459856720914,5.62217412217412,3.83333333333333,544849159894.779,0.172002597176961
CN341600,Xuancheng,28988.7524275268,0.231246002510808,41.0722916666667,2383433.56665039,0.00438169922627957,,5,2,0.4,11,14367.4606075858,0.500422838141013,1.25925925925926,5.5,68882680389.3698,0.333617461047739
CN350100,Fuzhou,455515.917269475,0.0360534517979685,53.9084803921569,6954931.79296875,0.00707078581029847,,63,21,0.333333333333333,18,407880.398139552,0.122738250974318,23.6334422657952,0.642857142857143,3148652132832.1,0.0520141361158584
CN350200,Longyan,46775.5039844373,0.173884712021478,50.63425,2452379.65789795,0.00664552371000085,,6,3,0.5,13,36927.5896956905,0.0728832089125745,0.875420875420875,6.5,114347597793.556,0.250862611719792
CN350300,Nanping,23841.6877382742,0.191202847473977,44.4406944444444,2483980.49108887,0.00491036515053426,,21,10,0.476190476190476,13,16558.2874711514,0.203978032897646,21.3223905723906,1.3,59101670022.8278,0.275847399854556
CN350400,Ningde,42392.8285619325,0.1179437773705,48.891875,2324448.0090332,0.0056323674848796,,23,5,0.217391304347826,27,28391.1297123349,0.31167443697796,4.86814814814815,5.4,98142373508.7082,0.170156902716132
CN350500,Putian,114497.242827159,0.0376637168138595,48.4607196969697,2506135.88891602,0.00556502158696142,,47,14,0.297872340425532,13,65358.3234366484,1.00018283862827,12.7845117845118,0.888888888888889,283733946685.898,0.0543372574688014
CN350600,Quanzhou,216227.933701712,0.0541518439867399,54.9854166666667,7840975.83166504,0.00694451363616051,,39,12,0.307692307692308,17,159410.268254864,0.360446254832943,9.27731481481482,1.25,1686380523585.23,0.0781245967746625
CN350700,Sanming,35012.722229198,0.360691599144138,47.7565833333333,2416868.41943359,0.00505670886605652,,12,8,0.666666666666667,13,26736.7755873021,0.0800810106752792,6.23148148148148,1.625,84399843769.2367,0.520367981375557
CN350800,Xiamen,871059.815217787,0.0714837381530289,56.2694791666667,4300132.57226562,0.00753699302543273,,28,15,0.535714285714286,16,684098.529467107,0.470235962355249,7.07195767195767,1.5,3617772059061.83,0.10312923453758
CN350900,Zhangzhou,84419.6461156086,0.0672498140739475,53.2343981481481,4656829.78198242,0.00601426049153193,,19,8,0.421052631578947,10,55674.7832638652,0.410168415354464,8.92592592592593,1.5,391527502531.579,0.0970209732651888
CN360100,Fuzhou,63390.1622474407,0.0577011906200125,45.5863725490196,4303336.40148926,0.00582213677524671,,66,17,0.257575757575758,25,45534.9946064064,0.120646963150206,21.1916264090177,1.7,271976112198.496,0.0832452215608809
CN360200,Ganzhou,56219.4354675803,0.0402473708374627,47.1802777777778,9428997.32714844,0.00575919024172014,,70,20,0.285714285714286,16,37695.8827619842,0.124992036393421,29.0338624338624,0.818181818181818,529394607390.6,0.0580646823160265
CN360300,Ji'an,38422.8344253307,0.0976217786543805,46.9981439393939,5152764.33679199,0.00571040714406078,,19,5,0.263157894736842,25,22421.4607085854,0.215837393892499,3.53945249597423,6.25,197625014351.774,0.140838455947435
CN360400,Jingdezhen,66903.3682963965,0.16874851524901,44.3548611111111,1700201.98120117,0.00497683520075306,,6,1,0.166666666666667,24,42615.7685649512,0.539862098834275,0.602693602693603,24,112714161981.643,0.243452646107122
CN360500,Jiujiang,35744.4995893262,0.0764744125295292,45.2760416666667,4562914.91816461,0.00538990698776648,,110,38,0.345454545454545,25,17346.649112856,0.614762924930654,71.1463365539452,0.538461538461538,162779952015.17,0.110329255711249
CN360600,Nanchang,417729.08027079,0.0637701030773678,48.2085087719298,6015330.57995605,0.00601810973709112,,198,59,0.297979797979798,28,358756.251055535,0.206216859648625,161.532763532764,0.333333333333333,2491621280810.15,0.0920008114666966
CN360700,Pingxiang,106668.924643251,0.105397219678381,48.8751388888889,1947136.8984375,0.00627699741039038,,28,7,0.25,27,66932.4369200372,0.328643789831673,7.82814814814815,3.85714285714286,205039272199.129,0.152056046153485
CN360800,Shangrao,48922.6924897573,0.0678127742204733,48.6580952380952,7217717.47705078,0.0061381054311953,,102,46,0.450980392156863,22,24784.1691551393,0.551563045335792,25.1957671957672,0.631578947368421,352511894578.053,0.0978331530767998
CN360900,Xinyu,107811.61291892,0.0635155973618822,48.3071614583333,1181351.35205078,0.00623006464769963,,109,25,0.229357798165138,27,78278.8291176509,0.314123025890031,40.0681481481481,0.823529411764706,125051524673.165,0.0916336373330876
CN361000,Yichun,55400.200758163,0.0478652660038491,48.4480729166667,6150995.99133301,0.00616651700053242,,86,20,0.232558139534884,24,31652.181486607,0.32488700788127,24.8279900453814,1,340014704514.392,0.0690549818945843
CN361100,Yingtan,53177.291617763,0.14573736905066,44.9086111111111,1158088.52563477,0.00515605466518253,,11,4,0.363636363636364,11,29051.4473337054,0.698812099429238,5.48148148148148,1.5,60883091500.8183,0.210254579601592
CN370100,Binzhou,56055.0180751672,0.271940834200676,35.6469166666667,3776538.47073364,0.00266648787903355,,8,5,0.625,37,24051.4547638651,0.478499345117228,0.491005291005291,12.3333333333333,210924175931.819,0.392327692916523
CN370200,Dezhou,63584.7965245286,0.222592256245873,32.8707291666667,6619067.26464844,0.00239917779667925,,16,8,0.5,11,22727.3566192914,0.399148235141774,8.1037037037037,2.2,419943440870.205,0.321132744226206
CN370400,Heze,60947.9338255137,0.279310783615844,39.4694166666667,8691600.00195312,0.00341658072042003,,10,5,0.5,37,12119.720331395,0.357475371758199,1.34814814814815,9.25,529143265345.323,0.402960282389388
CN370500,Jinan,316005.708145745,0.197379652207332,37.5365476190476,7583601.25195312,0.00274714771687646,,21,7,0.333333333333333,39,250630.83528408,0.185847363984205,4.06635582951372,5.57142857142857,2380076074295.66,0.284758645411906
CN370600,Jining,96502.8748559101,0.222407895443994,40.2070138888889,9013780.88452148,0.00334414407355682,,21,7,0.333333333333333,39,42203.9900093951,0.211316786780351,3.59622780675412,7.8,867564096879.998,0.320866767811601
CN370800,Liaocheng,72439.9459338044,0.204608493254295,37.4751388888889,6216767.96679688,0.00289190343953966,,7,2,0.285714285714286,37,21898.1169354558,0.440813567088503,0.433862433862434,18.5,449235542618.118,0.295187658541735
CN370900,Linyi,78352.9884448272,0.225502493040946,35.2008333333333,10000433.4912109,0.00274150852057079,,21,8,0.380952380952381,14,36511.1704899697,0.144272643806188,17.5071225071225,1.75,782036119519.983,0.325331328418271
CN371000,Qingdao,302752.348066873,0.141638917704241,35.289125,8353182.6640625,0.00269861753173332,,31,9,0.290322580645161,40,246312.924661045,0.0809516874842696,4.64747338431549,5,2515043659618.22,0.204341764168788
CN371100,Rizhao,59282.5303783475,0.176810564357529,34.6079761904762,2596668.0078125,0.00259901010886969,,11,4,0.363636363636364,39,24193.4221646651,0.524448027357857,0.715004478162373,19.5,153088100253.81,0.255083724375386
CN371200,Tai'an,74895.7750349717,0.251018040827174,38.2736666666667,5432053.58642578,0.00298941905302458,,8,2,0.25,36,24129.9190870672,0.64567425101106,0.912854030501089,18,405612863260.529,0.362142482675027
CN371300,Weifang,79506.5771611241,0.120536399372054,33.89,9659155.44140625,0.00274132567711793,,9,3,0.333333333333333,12,37142.8603128511,0.355703093247145,2.23905723905724,3,766392840653.369,0.173897265620673
CN371400,Weihai,128267.687808842,0.166511997020306,36.1049404761905,2466954.77148438,0.0031173841982797,,15,7,0.466666666666667,14,94474.7868296039,0.243210322200237,9.72507122507123,1,313237912876.136,0.240226032349713
CN371500,Yantai,62922.8929008199,0.25565384241783,31.6483333333333,6454053.49414062,0.00245121976066636,,19,8,0.421052631578947,39,29995.0485429596,0.479119252907978,4.63178968442126,4.875,405120014502.996,0.368830530640411
CN371600,Zaozhuang,99880.5578985415,0.267201305992673,38.3951666666667,3742250.06445312,0.00323426180851045,,10,8,0.8,36,39522.6858912331,0.670662144281015,0.529660753190165,12,371392479494.337,0.385489999074684
CN371700,Zibo,125639.873400274,0.25528320266172,34.8975833333333,5142683.56835938,0.00265985929552665,,7,3,0.428571428571429,37,70931.4737368766,0.474015060644316,0.605291005291005,18.5,642245494120.958,0.368295810502316
CN410100,Anyang,110864.369202591,0.0691851665026301,37.99125,5088316.90771484,0.00288038612769645,,42,11,0.261904761904762,23,61939.2450899486,0.24656395229631,8.42520442520443,1.625,561082597083.972,0.0998130966164217
CN410200,Hebi,93410.5005760203,0.14327618319754,37.0922222222222,1805820.50683594,0.00306317231239583,,12,6,0.5,13,38689.6670355374,0.974329809929909,1.93602693602694,3.25,166565427974.732,0.20670383897659
CN410300,Jiaozuo,114209.189653074,0.107424098738899,39.7275,3776710.90527344,0.00287151623729287,,17,6,0.352941176470588,21,50198.1404111517,0.784935713184878,2.5692007797271,5.25,428121806209.356,0.154980214522576
CN410500,Kaifeng,96273.6806573761,0.0942648323949292,37.6584166666667,4545707.0234375,0.0033339288727608,,19,7,0.368421052631579,20,40839.2291520408,0.131571310997052,3.42300194931774,2,435368005229.24,0.135995406226394
CN410600,Luohe,132787.815350276,0.0876304828072706,41.3760227272727,2630246.1015625,0.00384893437987802,,33,13,0.393939393939394,20,57638.926734205,0.34706682575481,8.69200779727096,1.375,344933074736.04,0.126424062976755
CN410700,Luoyang,128525.508966347,0.158649215870774,35.2622916666667,6676608.53570557,0.00264757221685928,,17,9,0.529411764705882,24,96427.4294677621,0.19131678102355,1.87542087542088,4.8,855019278496.282,0.228882436977689
CN410800,Nanyang,65375.7704136388,0.0642738591545124,41.5245277777778,11043882.7097168,0.00339849411622802,,127,35,0.275590551181102,24,36004.7419303494,0.110399160792676,76.8517054604011,0.48,720944808200.089,0.0927275778610108
CN410900,Pingdingshan,108787.943574237,0.0686612983337485,40.3034027777778,4913932.41357422,0.00333024085957827,,47,20,0.425531914893617,20,63289.5693744758,0.357559779533362,5.31189083820663,1.22222222222222,531696966335.616,0.0990573146070967
CN411000,Puyang,81578.7913058243,0.166771298777392,38.2706944444444,3508624.52734375,0.00347007682356368,,16,5,0.3125,16,21086.2649723113,0.236484052806664,5.84338624338624,3.2,284953765561.294,0.240600125708755
CN411100,Sanmenxia,41207.4361669652,0.115211681287664,30.8485833333333,2175335.58166504,0.00231217912099558,,5,1,0.2,9,25889.1715073523,0.386650887575817,0.71957671957672,5,89243399053.051,0.166215321246193
CN411200,Shangqiu,56866.1295819494,0.0718421487847279,40.1050347222222,6774144.92382812,0.00388068011926679,,74,24,0.324324324324324,20,10468.876679017,0.541089508146264,31.598440545809,0.769230769230769,384733665457.552,0.103646311778534
CN411300,Xinxiang,105897.755768982,0.125478191657318,38.1585576923077,6259318.91821289,0.00280981772563086,,95,37,0.389473684210526,25,55009.9840761943,0.237228844674718,80.9307568438003,0.52,660048435560.6,0.181026764843728
CN411400,Xinyang,36913.8708921878,0.0629656925889403,43.2494696969697,5601764.7019043,0.00445144279414865,,140,65,0.464285714285714,16,15286.4357497002,0.475279621363247,51.1291005291005,0.346153846153846,206452197290.338,0.0908402924442031
CN411500,Xuchang,90253.7486031755,0.0819044221289797,38.6312121212121,4663523.35351562,0.00322626333498644,,26,6,0.230769230769231,20,26370.8670481669,0.635363697443297,3.97855750487329,2.2,419215791006.229,0.118163103632355
CN411600,Zhengzhou,428326.794782498,0.0456154932579812,37.8203728070175,10905918.3789062,0.00280734521219881,,122,24,0.19672131147541,28,320348.404892337,0.249278783146685,29.4501424501425,0.882352941176471,4636706038083.89,0.0658092459109934
CN411700,Zhoukou,59701.4974864172,0.0762127174931849,40.3206666666667,8398940.98242188,0.00378425132109801,,65,21,0.323076923076923,26,10296.9622957003,0.771109619978906,19.2314814814815,1.36363636363636,500920627017.568,0.109951709580089
CN411800,Zhumadian,57080.4930385464,0.0754297968407958,42.0839423076923,7178920.08544922,0.00405494815580433,,102,34,0.333333333333333,23,23691.1670597128,0.202434019690263,31.8797498797499,0.8125,408985242170.822,0.108822193837478
CN430100,Changde,64259.0495776392,0.0729538224761758,43.2063141025641,5710278.52099609,0.00488411624714001,,61,19,0.311475409836066,21,41047.5352646469,0.172673388545772,23.4218323586745,0.916666666666667,365984254082.972,0.105250117900273
CN430200,Changsha,356656.156609527,0.0646759457269344,47.9769607843137,8072087.984375,0.00608713968726274,,208,33,0.158653846153846,30,304579.169613559,0.155623469441482,121.791005291005,0.454545454545455,2863098006286.75,0.093307666165052
CN430300,Chenzhou,41635.4616026968,0.0632648077018986,48.5982051282051,4945741.40454102,0.00606341434686396,,28,9,0.321428571428571,21,22392.331623938,0.288565028304222,3.7270955165692,2.6,205487305405.337,0.091271824334323
CN430400,Hengyang,96747.4111495108,0.0835280017777149,48.2061217948718,7405372.51416016,0.00643785066044799,,43,13,0.302325581395349,22,58772.1418461254,0.132077757769019,20.0386243386243,1,714218672656.454,0.120505433940074
CN430500,Huaihua,46636.4843311837,0.0922359415713009,44.4514583333333,4801266.47509766,0.00544143763910398,,37,8,0.216216216216216,24,33150.7807494488,0.0386073958819289,14.5038793734446,1.5,223467093982.259,0.13306833549664
CN430600,Loudi,62222.8340434325,0.0420892799729709,45.7416911764706,3820672.81274414,0.00546221134030431,,64,7,0.109375,24,26847.2339254312,0.660216793427575,11.4129702825355,1.85714285714286,236783326502.779,0.0607219954915922
CN430700,Shaoyang,60644.6659507592,0.077236840320577,41.0854722222222,6975250.8347168,0.00474154466809107,,83,18,0.216867469879518,24,34521.1309892731,0.200546767034857,47.2825354999268,0.833333333333333,422109908300.715,0.111429206504429
CN430800,Xiangtan,105463.289992774,0.0468142412649478,47.3266964285714,2718659.75195312,0.0062302778215288,,30,5,0.166666666666667,22,62310.9605966929,0.410816416967825,3.24814814814815,4.66666666666667,284029876404.301,0.0675386737159196
CN430900,Xiangxi Tujia and Miao Autonomous Prefecture,29375.7133393318,0.190963035053243,43.3948333333333,2691125.42895508,0.00466908844259417,,7,3,0.428571428571429,12,16438.6103155093,0.204313738971617,1.71178451178451,4,78841044727.3401,0.275501423664419
CN431000,Yiyang,55234.9165773076,0.0456553605241443,44.0139772727273,4140199.32165527,0.00489419116455372,,40,7,0.175,14,29032.1234022742,0.257472434107596,17.4558404558405,1,227922812387.989,0.0658667622181808
CN431100,Yongzhou,32367.4141211547,0.0567860530395144,45.0244583333333,5029000.6829834,0.00510347281625289,,38,7,0.184210526315789,15,14967.0276748454,0.695194417796609,16.1261701261701,1.42857142857143,162515300689.171,0.081924957111765
CN431200,Yueyang,63695.010197895,0.0574630402206963,46.3915277777778,6188370.90283203,0.00563187450752034,,122,41,0.336065573770492,27,33508.835062129,0.453445409978788,41.7419943019943,0.7,393156810691.627,0.0829016431608016
CN431300,Zhangjiajie,21988.5573856303,0.204845952042967,38.1625,1479998.109375,0.0037202186166719,,5,2,0.4,9,10604.9565442841,0.629489999876589,1.13029100529101,4.5,32422290161.42,0.295530239158567
CN431400,Zhuzhou,126575.164810169,0.0597581943907537,48.1316111111111,4211431.39038086,0.00627502861104351,,60,11,0.183333333333333,22,98685.8907016866,0.149863382393771,26.5481481481481,1.09090909090909,530310245781.867,0.0862128507000191
CN440100,Chaozhou,228624.879554331,0.171033084067718,52.7976041666667,2581824.421875,0.0055410256805055,,6,4,0.666666666666667,6,162425.253352408,0.562794287850841,1.44814814814815,1.33333333333333,579516643998.666,0.246748582212442
CN440200,Dongguan,381867.248797818,0.0540371384973954,62.1228611111111,8652563.4140625,0.00924843390501551,,65,19,0.292307692307692,25,72848.1268670145,1.45943261179148,11.9289452495974,1.75,3281619048929.83,0.0779591117340224
CN440300,Foshan,468728.299924994,0.0594270128784093,61.538984375,8984159.57324219,0.00918821444708364,,70,18,0.257142857142857,24,285379.104552704,0.689263198510037,29.8279900453814,0.857142857142857,4158805528445.76,0.0857350567745257
CN440400,Guangzhou,1002510.50798359,0.0488813958516884,60.1846052631579,16566840.9545898,0.00911200867799533,,277,76,0.274368231046931,25,822437.149781525,0.239118580591625,202.206119162641,0.295454545454545,16460332299160.7,0.0705209473869612
CN440500,Heyuan,41239.5383179631,0.268621786840241,51.24125,3850453.16638184,0.006521887648789,,4,1,0.25,20,21988.2724860539,0.330672516541076,0.37037037037037,20,158367586829.44,0.387539319749148
CN440600,Huizhou,172216.438048217,0.0679284878722621,57.9941666666667,6684692.921875,0.0081612607741821,,49,14,0.285714285714286,25,124808.26838953,0.374074501883863,15.9144524959742,1.25,1145296948080.56,0.0980000925883986
CN440700,Jiangmen,142723.813262948,0.0770879920742372,61.6344166666667,4642912.4609375,0.00973620586585785,,19,7,0.368421052631579,18,100516.518163516,0.339129972661922,2.14814814814815,2.5,658411540210.043,0.11121446387759
CN440800,Jieyang,182133.229716746,0.253714018824226,54.7135416666667,6200130.33496094,0.00703083577168281,,7,4,0.571428571428571,11,88192.8610052166,0.85580483110164,1.65925925925926,3.66666666666667,1120964804497.79,0.36603195676172
CN440900,Maoming,78479.4099737438,0.214787675687746,61.4050694444444,6142253.72753906,0.00960682326390955,,12,5,0.416666666666667,19,35527.5867042398,0.521656263955177,3.78213507625272,3.8,480514438293.395,0.309873114558779
CN441000,Meizhou,52884.5872710435,0.0619481315828696,55.9639236111111,4710018.32568359,0.00822442154776281,,16,5,0.3125,21,29568.6648666692,0.313895250356201,1.20077972709552,4,248397924928.531,0.0893722622269429
CN441100,Qingyuan,43760.3085734418,0.124004279176893,48.8463888888889,4112065.24755859,0.00626449686511425,,11,5,0.454545454545455,12,26908.5821490213,0.314469984999191,1.83905723905724,2,179491761133.864,0.178900358617514
CN441300,Shanwei,92437.6122421965,0.166666666666667,53.1211458333333,3129939.875,0.00582192900907687,,4,1,0.25,8,42757.0269247362,0.956202069660218,1.14814814814815,4,287199931625.557,0.240449173481494
CN441400,Shaoguan,69341.9057344157,0.226177193210777,57.939,2942408.3979187,0.00922592013240159,,7,3,0.428571428571429,23,56605.2070421269,0.0835830637615663,0.624338624338624,11.5,203311185688.914,0.326304715007372
CN441500,Shenzhen,998752.647960424,0.0579480039214504,61.7515079365079,12619253.4882812,0.00926475948584568,,357,112,0.313725490196078,30,397836.815185127,1.07383132318584,455.505291005291,0.241935483870968,12364445997762.3,0.0836012978868907
CN441600,Yangjiang,41927.2531205386,0.166866101225727,59.9397916666667,2261918.65771484,0.00934422831480158,,13,5,0.384615384615385,13,19080.5899112977,0.492647874984772,6.48148148148148,2.6,94400089207.9521,0.240736896730832
CN441800,Zhanjiang,74614.7010473531,0.0968441233817564,64.9392083333333,6515436.96582031,0.0116816547783677,,17,3,0.176470588235294,24,31467.1118697352,0.629827148149968,2.46435368174499,8,484789619914.883,0.139716536542099
CN441900,Zhaoqing,74592.525255252,0.141626597207712,55.6814351851852,4382620.22998047,0.00826104750444516,,18,7,0.388888888888889,26,51647.8696009039,0.153775955786627,3.89814814814815,4.33333333333333,325725615957.853,0.204323989449545
CN442000,Zhongshan,249985.008085879,0.0849738146437449,62.6550961538462,3730457.3203125,0.0101343513272202,,46,15,0.326086956521739,25,63463.1420702543,1.52603941558046,11.8003220611916,1.44444444444444,920721076237.047,0.122591300991949
CN450100,Baise,13206.2496314629,0.368280218534264,57.0169444444444,3555143.99267578,0.00886623690494226,,3,2,0.666666666666667,14,5376.53599120792,0.629729025241854,0.314814814814815,14,46908016929.3485,0.531316044936886
CN450200,Beihai,87030.3897025691,0.0276169448757027,61.8452579365079,1107815.97900391,0.0100571329239861,,44,8,0.181818181818182,27,59335.9902274714,0.23317260237387,5.1019943019943,2.33333333333333,94770322418.8427,0.0398428294166802
CN450400,Fangchenggang,21270.8412180423,0.066212099235161,55.2477243589744,775687.753234863,0.00803140026946838,,19,2,0.105263157894737,27,10498.4002008914,0.928300242698062,1.46660968660969,13.5,16386427138.5,0.0955238672134147
CN450500,Guigang,48852.2056030912,0.255963694642843,55.5538541666667,4348321.78295898,0.00743872430555205,,8,5,0.625,9,16403.0430436958,0.605673224084589,2.70171957671958,2.25,211892828356.276,0.369277552908846
CN450600,Guilin,73029.8217852575,0.0566203808200744,44.9174754901961,4798163.19091797,0.00530748575871773,,32,12,0.375,30,59242.9965239989,0.0550498411625806,1.61120233534027,3.4,349592170645.295,0.0816859426223659
CN450700,Hechi,12388.6715711139,0.0803858869766816,47.6683333333333,3097881.39416504,0.00605674382812439,,25,8,0.32,29,4942.84129667871,0.50540513037156,2.14285714285714,7.25,38341826658.3653,0.115972320498719
CN450800,Hezhou,24102.3619692048,0.235990108593274,51.7959722222222,1973335.31848145,0.00550889951951106,,4,3,0.75,5,10859.5007713427,0.603255971384516,2.14814814814815,1.5,47418220411.762,0.340461759366364
CN450900,Laibin,21236.6014641549,0.0681048779554061,52.1355833333333,2014527.40222168,0.0073375323754815,,11,9,0.818181818181818,5,7625.9298275219,0.808702596770716,2.39814814814815,1.25,42677913926.8648,0.0982545696866125
CN451000,Liuzhou,151902.294941355,0.063307698489707,47.9216987179487,4196449.67297363,0.00625660283853264,,24,5,0.208333333333333,24,136360.888745156,0.109813659915585,3.10071731810862,3.25,635330959608.44,0.0913337026611939
CN451100,NanNing,355334.946316787,0.0377012145003025,55.2639285714286,7005931.02514648,0.00802063327849612,,55,11,0.2,28,327861.707002487,0.0512731896758276,8.37891737891738,2.625,2480444373719.35,0.0543913551950775
CN451200,Qinzhou,33744.6789403833,0.11465996202784,57.2205555555556,3172953.30664062,0.00838977977745671,,8,4,0.5,10,9888.8871611305,1.02138742073207,2.39814814814815,2,106834373503.484,0.165419358606081
CN451300,Wuzhou,63612.047192493,0.219280833164715,55.0419791666667,2947419.40808105,0.00714411880821408,,5,2,0.4,10,45306.094347269,0.0377533684787965,1.64814814814815,5,186661965950.105,0.316355370568734
CN451400,Yulin,60789.0181526444,0.110272724379255,60.878287037037,5786504.80273438,0.00893258880055637,,11,3,0.272727272727273,26,24166.5700340724,0.354955144236451,0.814814814814815,13,350870882369.937,0.159089912607267
CN460800,Haikou,531706.490384273,0.072521527744897,67.0710119047619,2580257.07958984,0.0123895115723991,,31,7,0.225806451612903,27,439555.451827493,0.306829153440971,5.72353276353276,2.8,1331433505133.24,0.104626448435254
CN461500,Sanya,86089.0212362019,0.0597043551192132,68.733125,856208.290039062,0.0125765845508014,,32,9,0.28125,18,50414.6758179076,0.623848004006291,6.51579520697168,1.28571428571429,71911572689.8297,0.0861351770499625
CN500100,Chongqing Municipality,167549.62459812,0.0484294175863386,49.0807544314739,27004012.5703735,0.00534268665484182,,376,67,0.178191489361702,30,142844.300197046,0.0408671119946913,270.57671957672,0.326530612244898,4520983011189.48,0.0698688805849515
CN510100,Bazhong,39671.6882972534,0.241748849478132,41.7538541666667,3264785.34265137,0.00404556237588661,,7,3,0.428571428571429,10,20005.3067150162,0.469397767670134,3.00925925925926,3.33333333333333,129126094470.273,0.348769866282714
CN510200,Chengdu,486803.600377769,0.0769294725100273,47.6892261904762,17520104.3634033,0.00507413887526948,,89,26,0.292134831460674,27,379974.695722871,0.324377723490962,32.8681481481481,1.07692307692308,8488257222583.65,0.11098576848842
CN510300,Dazhou,50723.7034910602,0.118722691215688,43.3248611111111,5224062.75402832,0.00448224004882292,,18,6,0.333333333333333,26,28011.387169198,0.251181603810638,2.39814814814815,6.5,264347578656.636,0.171280637857864
CN510400,Deyang,81328.1695405779,0.21924901208901,47.3389166666667,3625542.7477417,0.00502174673857602,,8,4,0.5,17,37647.9316159792,0.978370626763668,1.19814814814815,5.66666666666667,293214247006.663,0.316309462460619
CN510500,GarzÃª Tibetan Autonomous Prefecture,2130.54996039367,0.197523730806393,16.2372619047619,1323042.87642421,0.000659333267919879,,31,18,0.580645161290323,22,1469.03474936502,0.158544525347052,15.2386243386243,1.69230769230769,2817835690.09774,0.28496650689227
CN510600,Guang'an,45580.0032565316,0.231725897478608,48.039,2637825.22460938,0.00597451272280665,,13,5,0.384615384615385,16,15261.1730886078,0.581897337588066,6.005291005291,3.2,119769366151.647,0.334309803137933
CN510700,Guangyuan,23782.9393755875,0.613147192765458,41.4785416666667,2029453.34649086,0.00319881924491134,,2,1,0.5,6,14600.8925588868,0.235654067376454,0.648148148148148,6,48132285225.2414,0.884584414337716
CN510800,Leshan,62340.8651604839,0.799908860500191,47.31625,3153695.34862661,0.00545168575042338,,3,2,0.666666666666667,11,43899.2023030183,0.277760200912685,0.692592592592593,5.5,195794478298.191,1.15402454620677
CN510900,Liangshan Yi Autonomous Prefecture,26983.3963573518,0.216774195747491,39.9810833333333,5029582.44107842,0.00255995859204817,,8,2,0.25,21,20569.1126314865,0.0515539014023617,1.20077972709552,10.5,135583259826.076,0.312739057197599
CN511100,Meishan,54925.0412801025,0.250072674401376,48.2086458333333,2765589.71076202,0.00587427264370454,,5,2,0.4,13,26414.8071485353,0.54707162245609,1.05723905723906,6.5,151147010276.279,0.360778607220706
CN511200,Mianyang,77400.3276225117,0.215977167491718,45.4795,4188068.6169126,0.00454826667605625,,10,6,0.6,17,62336.3325976462,0.122860899744627,1.67731481481481,5.66666666666667,323218786514.143,0.311589188485546
CN511300,Nanchong,71770.5374831996,0.143498614330792,47.57578125,5758115.71582031,0.00513191738285044,,13,4,0.307692307692308,22,37084.0934119929,0.192070168065066,1.6957671957672,5.5,411976707398.723,0.207024739269471
CN511400,Neijiang,68007.7800378347,0.237788401811955,50.5364166666667,3403103.66601562,0.00596171445391143,,9,3,0.333333333333333,19,22020.8926592452,0.743981747862378,2.01742919389978,6.33333333333333,230424831232.75,0.343056148075019
CN511600,Panzhihua,79386.4019064649,0.295236356265066,53.3094791666667,1343020.48046875,0.00381309530185831,,6,3,0.5,14,65397.6052349155,0.259548151725408,1.12250712250712,4.66666666666667,105702664431.063,0.425936027073738
CN511700,Suining,85252.5232430445,0.316267050586083,48.4526666666667,3057064.03125,0.00481986695460376,,13,7,0.538461538461538,25,43941.8471450715,0.214196562529394,2.86553945249597,3.57142857142857,258807111023.212,0.456276905477121
CN511800,Ya'an,42009.4855354498,0.360691599144138,32.2834722222222,1490183.94007683,0.00304846397173183,,3,1,0.333333333333333,13,34705.6622997791,0.180218796527704,0.511784511784512,13,62348341947.4403,0.520367981375558
CN511900,Yibin,45372.7980332178,0.275756175782425,49.4530208333333,4133188.70410156,0.0053956316612217,,4,1,0.25,22,22153.6367742203,0.181496015241309,0.448148148148148,22,187019925286.007,0.397832067295809
CN512000,Zigong,70280.4944721466,NA,49.305,2331797.37890625,0.00605111108154589,,10,9,0.9,13,30759.5049991593,0.590980494551011,7.11784511784512,1.44444444444444,162664195965.616,NA
CN520200,Bijie,33968.2042834966,0.129389325148971,41.364375,6717437.52783203,0.00440050777233073,,19,8,0.421052631578947,9,14498.3708694907,0.129965048680417,12.5588624338624,0.625,227896994843.051,0.18666933773639
CN520300,Guiyang,411182.202144614,0.108504220570801,45.9169791666667,4892166.8125,0.00530529268910296,,20,7,0.35,18,364143.136639806,0.203012889911286,3.38344226579521,4.5,1994442606221.89,0.156538500933017
CN520400,Liupanshui,53624.8650938032,0.330543662464228,40.2070833333333,2879380.25585938,0.00433914961206201,,7,4,0.571428571428571,13,30773.640840951,0.127671033364754,3.42087542087542,3.25,153703131632.645,0.476873702634418
CN520500,Qiandongnan Miao and Dong Autonomous Prefecture,20781.4629549816,0.198970004336019,44.6722916666667,3148873.02648926,0.00468060673198115,,4,2,0.5,10,12729.0792555206,0.0498933243461075,0.648148148148148,10,65335675990.5419,0.28705303854123
CN520600,Qiannan Buyi and Miao Autonomous Prefecture,22116.0489123585,0.30788589130226,44.2582291666667,3066898.39892578,0.00523579941339297,,6,3,0.5,16,13123.211965362,0.207025347568273,1.71957671957672,5.33333333333333,67709646971.2391,0.444185448541449
CN520700,Qianxinan Buyi and Miao Autonomous Prefecture,25039.0970547658,0.404017131629473,42.7840277777778,2762082.62207031,0.00487879082800179,,4,2,0.5,14,12764.1742900089,0.195293703968123,0.725071225071225,7,69003362829.5605,0.582873512236024
CN520800,Tongren,20448.4383592306,0.230093514136242,40.2894166666667,2867246.85961914,0.00433463478643018,,7,3,0.428571428571429,18,8143.65784584377,0.230364891355505,1.64814814814815,6,58530506603.5925,0.33195477178507
CN520900,Zunyi,54145.3016769553,0.0709557970931194,45.8820391414141,5849920.57348633,0.00536149435957923,,30,11,0.366666666666667,19,39843.3173897027,0.0776089272841001,5.49782135076253,1.83333333333333,316175835895.068,0.102367576588567
CN530100,Baoshan,22156.4208533703,0.22105705434887,43.5990625,2655153.49780273,0.00324963806349946,,8,4,0.5,12,11275.6442230313,0.450095789879504,1.74814814814815,6,58705999285.8175,0.318917916062637
CN530400,Dali Bai Autonomous Prefecture,24560.9014804336,0.130790682772395,34.6481547619048,3611060.24084473,0.00212641575548735,,11,4,0.363636363636364,17,14668.5857520919,0.219879157761885,2.21064814814815,5.66666666666667,88545773865.1644,0.188691069430216
CN530500,Dehong Dai and Jingpo Autonomous Prefecture,14630.1033996292,0.658297128744686,44.5872916666667,1350510.1418457,0.00366971431385498,,3,2,0.666666666666667,5,5252.56074792296,1.15946518566854,1.73148148148148,2.5,19708841652.4455,0.949722003071402
CN530600,Honghe Hani and Yi Autonomous Prefecture,23938.915021159,0.165189000101096,44.0847222222222,4964560.28881836,0.00460503039150712,,7,2,0.285714285714286,20,12034.4946642805,0.15559035582395,0.925925925925926,10,118702911153.683,0.238317351255258
CN530700,Kunming,349512.713142031,0.0851563014974502,42.9048697916667,7097685.27270508,0.00331623220529648,,38,8,0.210526315789474,31,322628.541654512,0.0995202241158722,9.3205619412516,2,2472057313022.24,0.122854573870817
CN530800,Lijiang,15067.5057100791,0.298958690046367,31.9115277777778,1389204.27124023,0.00171492219722068,,6,4,0.666666666666667,4,9961.1370658135,0.168368113956928,7.14814814814815,0.75,20880968090.2673,0.431306219560555
CN531200,Qujing,30470.3464476226,0.193746725902483,40.3845833333333,6301158.06079102,0.00412257811180565,,9,4,0.444444444444444,17,13578.1612980488,0.212702673468916,2.81481481481481,4.25,191769090740.733,0.279517440647986
CN531400,Xishuangbanna Dai Autonomous Prefecture,11274.214857164,0.264448630443391,62.6878333333333,1237671.67828369,0.00723326858233051,,14,6,0.428571428571429,13,6096.67227020291,0.485078197172691,11.6026936026936,2.16666666666667,13922204546.6071,0.381518727710558
CN531500,Yuxi,34524.4909107897,0.165179920797668,51.5854166666667,2535533.22973633,0.00555506738110834,,12,4,0.333333333333333,12,20893.5918261858,0.377985819787829,6.34814814814815,1.5,87253174608.7477,0.238304252589227
CN531600,Zhaotong,32509.8339757428,0.251307342023399,43.7181666666667,5871924.94189453,0.00447643766520275,,12,5,0.416666666666667,19,12806.3878620028,0.274025748709688,3.15468409586057,3.8,190642962199.476,0.362559856076145
CN610100,Ankang,26923.5412843872,0.0912210525681533,41.7477916666667,2571978.08903503,0.00369986052891271,,18,5,0.277777777777778,22,18861.9140460329,0.196395614446973,2.64814814814815,5.5,69094681680.719,0.131604160164746
CN610200,Baoji,67964.9808717999,0.105203070463302,38.5241666666667,3961853.32169342,0.00216179762337886,,11,4,0.363636363636364,13,52786.4662292964,0.442188312179628,1.93602693602694,2.33333333333333,268466012288.717,0.151775948043697
CN610300,Hanzhong,63298.6589246967,0.0588013589222575,42.7818981481482,3423657.19367218,0.00349048858304787,,14,5,0.357142857142857,13,54169.9064082376,0.0774825872220388,2.32996632996633,3,216218351137.993,0.0848324289146729
CN610400,Shangluo,15862.20433445,0.199667826277053,31.24125,2327981.49349976,0.0024891877258101,,7,4,0.571428571428571,13,7428.48877829142,0.603113041442306,1.78451178451178,4.33333333333333,36864260946.8541,0.288059782794984
CN610500,Tongchuan,61784.6777717179,0.375425111718815,31.2940625,919433.802978516,0.00213075162815997,,8,5,0.625,13,45367.2170042444,0.33158440988954,2.57239057239057,2.6,56062061376.9391,0.54162394690192
CN610600,Weinan,48484.8479571798,0.27134475913336,39.3510416666667,5174546.12554932,0.00273241005108523,,10,4,0.4,13,19897.1953298355,0.392207969251447,3.75420875420875,3.25,250318248139.129,0.391467738372908
CN610700,Xi'an,611338.329813941,0.0313876399987754,41.0097222222222,9559228.89953613,0.0029339431662998,,77,19,0.246753246753247,18,544020.816436926,0.157606614553274,13.1407952069717,0.9,5807300357142.89,0.0452827925714414
CN610800,Xianyang,81090.8959700701,0.118532254252734,35.7946875,5410959.97290039,0.0026049298524111,,14,7,0.5,17,44531.355612635,0.699124523980085,2.94814814814815,4.25,437151501836.632,0.171005895395809
CN610900,Yan'an,15939.6176617209,0.380929753571458,28.9294444444444,2357464.47953796,0.00176444977382937,,3,1,0.333333333333333,16,11467.2505278728,0.248368064653568,0.433862433862434,16,37525785233.2961,0.549565466404597
CN611000,Yulin,24318.1862417634,0.369070246428542,29.125625,3373809.22961426,0.00201037339529081,,2,1,0.5,3,19176.1843673514,0.0925893360097393,2.14814814814815,2,81946298037.7943,0.532455814262126
CN620100,Baiyin,19630.3234730712,0.410708641856851,28.8354166666667,1744934.39590454,0.00166997311214833,,4,3,0.75,15,13853.3950098111,0.12394030478493,0.373422873422873,7.5,34173582705.5543,0.592527320857121
CN620200,Dingxi,17541.9767765291,0.14648799488829,26.9916071428571,2629583.36523438,0.00166250003258166,,10,3,0.3,20,8218.21307002417,0.403079599943434,2.03703703703704,6.66666666666667,46051457429.9208,0.211337503775103
CN620300,Gannan Tibetan Autonomous Prefecture,6225.1837306661,0.145451803264501,17.1391666666667,784915.897034764,0.000774144384964376,,8,3,0.375,13,4693.14486927008,0.184920322574392,2.14814814814815,4.33333333333333,4879050898.69525,0.209842595258053
CN620700,Lanzhou,391382.73947269,0.0450040228795242,23.222734375,4091922.36230469,0.00115672968680845,,37,10,0.27027027027027,25,369501.801706355,0.125641984067956,2.7115539452496,3.2,1593422368438.88,0.064927080628343
CN620800,Linxia Hui Autonomous Prefecture,44110.3470572113,0.329899757907476,24.8476388888889,2046584.16625977,0.00161035455081033,,3,1,0.333333333333333,10,26468.3801066961,0.136511588730379,0.648148148148148,10,89808557100.0556,0.475944744723586
CN620900,Longnan,13856.3226104039,0.333333333333333,29.9723611111111,2598202.37847137,0.00200931732503234,,4,2,0.5,8,7262.90033001969,0.322354524291072,1.81481481481481,4,35953635731.4616,0.480898346962988
CN621000,Pingliang,30949.0172813648,0.168678160197454,35.4572916666667,1919556.67971802,0.00200818277654093,,9,6,0.666666666666667,17,18067.0865450022,0.260069765208481,0.814814814814815,5.66666666666667,59175635828.585,0.243351145223141
CN621100,Qingyang,16796.960760294,0.297596420238124,30.7123611111111,2080706.73480225,0.00163133843106861,,3,1,0.333333333333333,8,11449.100259517,0.0930328698378114,0.814814814814815,8,34888309738.0053,0.42934087966385
CN621200,Tianshui,47350.9792340352,0.167559715172353,34.1672916666667,3259867.78543091,0.00216600765684755,,12,7,0.583333333333333,13,30634.7085395177,0.218588008030195,4.41329966329966,2.6,153845803098.337,0.241737570131922
CN621400,Zhangye,31111.9290611649,0.369070246428542,21.94875,1159165.35565807,0.000456779177307384,,2,1,0.5,3,29082.8671423241,0.0361610832203993,2.14814814814815,2,36004830294.3176,0.532455814262126
CN630200,Haibei Tibetan Autonomous Prefecture,3135.99304490554,0.0889736868180787,-1.26166666666667,284044.132711351,0.000248970899694464,,3,3,1,2,2586.51991949594,0.314223165949729,NA,0.5,889336614.925003,0.12836189674205
CN630700,Xining,215462.253083457,0.0691367133634209,16.3280729166667,2581895.69210815,0.000613677931546099,,15,6,0.4,12,192202.931532933,0.153943061407688,3.94814814814815,2.66666666666667,551830361057.686,0.099743193512769
CN640300,Wuzhong,59814.4037651577,0.171096102223131,26.9795833333333,1245175.83298492,0.00152899026894407,,11,4,0.363636363636364,10,53156.7094711207,0.189507425825665,4.14814814814815,1.25,74125495754.7317,0.246839498192742
CN640500,Zhongwei,35650.8039844885,0.239655729989661,25.9211666666667,1338127.49771881,0.00129985961524677,,8,3,0.375,22,29027.4104314251,0.195817005947472,1.03862433862434,7.33333333333333,47513032136.9034,0.345750133176708
CN650100,ÃœrÃ¼mqi,771769.502449427,0.0644997513770791,20.6178125,3739533.41105437,0.00114154781609415,,21,6,0.285714285714286,22,748102.56946807,0.106157137561124,2.24814814814815,4,2868351798565.09,0.0930534714502831
CN650400,Bayingolin Mongolia Autonomous Prefecture,44231.0359779054,0.130929753571458,29.8829166666667,1558562.22179212,0.00112132918271127,,3,1,0.333333333333333,4,44013.9027068358,0.00671557679598482,1.14814814814815,3,68927220809.3213,0.188891706182356
CN650600,Changji Hui Autonomous Prefecture,55648.6939144035,0.0199046122521219,1.45020833333333,2917937.7717255,0.000509508298003931,,2,2,1,2,53664.7022329576,0.0357069749177334,NA,2,162272901932.509,0.028716285386954
CN650900,Ili Kazak Autonomous Prefecture,42462.0283758236,0.104737098679661,24.229880952381,2405960.79203307,0.00156123089113477,,10,3,0.3,14,39635.8124039869,0.0256729117547446,1.81481481481481,3.5,102049916420.542,0.151103692862245